City_ID,City,Country,Lat,Lng,Max Temp,Humidity,Cloudiness,Wind Speed,Current Description
0,,RU,71.6872,128.8694,-7.31,94,70,7.16,
1,,CL,-53.15,-70.9167,46.51,87,75,16.11,
2,,AU,-33.65,115.3333,64.26,73,76,15.46,
3,,PG,-2.0226,147.2712,84.83,72,80,9.31,
4,,CL,-37.6167,-73.65,50.22,82,21,3.2,
5,,AU,-28.7667,114.6,66.61,72,75,13.8,
6,,BR,-3.1019,-60.025,77.49,88,0,3.44,
7,,TO,-21.2,-175.2,84.36,74,20,8.05,
8,,KI,3.0707,172.7902,80.47,81,98,13.09,
9,,ES,43.6702,-7.4101,52.09,78,100,4.45,
10,,RE,-21.3585,55.7679,76.59,85,57,12.15,
11,,PF,-9.8,-139.0333,79.47,72,6,19.15,
12,,RU,50.6789,156.125,31.23,75,100,7.38,
13,,PW,7.0419,134.2556,82.9,79,100,19.55,
14,,RU,69.7008,170.3133,-8.1,85,14,3.49,
15,,ID,-6.8844,112.2051,82.26,76,66,6.49,
16,,TL,-8.9266,125.4092,74.28,40,100,3.15,
17,,MU,-20.4081,57.7,75.49,94,75,11.5,
18,,PE,-7.8447,-79.1469,64.94,77,100,5.86,
19,,ZA,-33.918,25.5701,66.09,95,75,11.5,
20,,AR,-54.8,-68.3,47.86,71,75,16.11,
21,,US,42.6001,-73.9662,42.06,88,14,5.95,
22,,SS,4.7717,33.5903,83.43,38,86,15.86,
23,,US,40.5982,-124.1573,51.66,70,0,24.16,
24,,SB,-10.4544,161.9205,84.7,70,91,8.19,
25,,CG,1.6481,14.5806,70.99,97,100,1.88,
26,,RU,67.4667,78.7,-12.26,99,88,5.1,
27,,ZA,-33.5906,26.891,63.18,96,100,5.99,
28,,AU,-25.2406,130.9889,84.04,17,0,9.22,
29,,CA,45.6169,-61.3485,45.18,96,100,4.61,
30,,KE,-1.367,38.0106,62.04,97,65,3.67,
31,,AU,-42.7826,147.0587,77.67,40,99,5.01,
32,,GL,72.7868,-56.1549,-7.71,99,28,3.6,
33,,RU,73.5069,80.5464,8.65,96,97,6.55,
34,,US,21.3469,-158.0858,80.92,56,0,17.27,
35,,BR,-22.9661,-42.0278,75.97,90,97,9.1,
36,,US,44.7631,-85.6206,35.67,79,40,5.75,
37,,CO,1.1983,-70.1733,72.82,97,100,1.72,
38,,GL,65.6145,-37.6368,24.96,94,95,3.83,
39,,BB,13.0667,-59.5333,78.89,73,75,20.71,
40,,PF,-23.1203,-134.9692,78.84,73,7,17.52,
41,,GL,77.484,-69.3632,-2.27,87,100,5.41,
42,,US,64.8378,-147.7164,20.3,40,0,6.91,
43,,US,57.0531,-135.33,44.49,57,75,16.11,
44,,ZW,-20.3267,30.0665,59.81,97,100,7.47,
45,,ZA,-34.0033,24.7314,63.88,92,65,9.51,
46,,AU,-17.0,145.4333,89.44,62,37,6.29,
47,,MX,15.7432,-96.4661,77.25,67,40,4.92,
48,,ID,-5.3166,119.3661,84.22,72,42,2.13,
49,,RU,46.4856,135.8833,46.45,65,99,4.97,
50,,AU,-24.8667,113.6333,73.47,46,40,17.27,
51,,CA,66.1451,-65.7125,15.49,87,100,4.83,
52,,TH,14.7576,100.0899,90.86,37,100,7.31,
53,,ZA,-34.4187,19.2345,61.81,90,0,14.65,
54,,RU,55.0675,47.6111,35.96,100,100,4.07,
55,,IS,63.4427,-20.2734,39.13,77,100,29.77,
56,,PT,41.5388,-8.6151,57.34,91,100,4.38,
57,,CL,-35.3333,-72.4167,52.83,93,4,4.97,
58,,CA,69.4541,-133.0374,5.0,78,75,18.41,
59,,MY,5.4112,100.3354,84.13,83,20,7.0,
60,,FO,62.2266,-6.589,34.72,63,100,20.58,
61,,CA,62.456,-114.3525,25.32,63,40,23.02,
62,,RU,71.9167,114.0833,-0.4,89,19,2.42,
63,,US,32.944,-103.3485,76.05,9,2,4.0,
64,,US,38.8876,-76.5119,51.98,55,20,9.22,
65,,GB,51.3813,1.3862,42.69,77,65,5.08,
66,,BR,-8.7619,-63.9039,80.65,83,75,4.61,
67,,BO,-22.0866,-65.5942,51.75,68,3,12.73,
68,,NU,-19.0595,-169.9187,85.89,70,54,6.91,
69,,US,31.5545,-110.3037,75.67,11,0,14.97,
70,,BW,-20.4667,22.7167,64.44,80,31,8.72,
71,,US,28.017,-97.5169,74.53,57,82,20.24,
72,,NZ,-46.1927,168.8643,62.24,49,7,4.59,
73,,ZA,-33.9258,18.4232,62.11,74,0,9.22,
74,,BR,-24.7911,-50.0119,64.06,90,98,1.52,
75,,AU,-42.8794,147.3294,78.03,48,75,13.8,
76,,BR,-0.6136,-47.3561,75.99,91,100,3.87,
77,,CN,39.7432,98.5174,57.69,28,95,6.22,
78,,TZ,-1.2333,34.4333,63.9,65,97,10.6,
79,,AR,-43.3002,-65.1023,62.01,89,81,22.93,
80,,AR,-38.0023,-57.5575,66.09,95,75,21.0,
81,,US,57.79,-152.4072,42.31,33,0,12.66,
82,,ZA,-28.783,32.0377,66.24,86,100,1.28,
83,,US,42.3751,-70.9828,48.31,79,20,14.97,
84,,US,37.4636,-122.4286,69.55,68,0,25.32,
85,,KZ,51.1801,71.446,35.55,64,0,13.42,
86,,BR,-1.7656,-55.8661,75.27,96,74,2.89,
87,,ID,-5.6667,132.75,84.07,73,59,14.18,
88,,PT,38.5167,-28.7,56.37,70,62,34.49,
89,,US,39.4735,-118.7774,57.07,11,40,17.27,
90,,TM,41.8363,59.9666,58.95,67,83,6.91,
91,,ZA,-33.0117,17.9442,64.45,59,0,9.04,
92,,JP,35.7333,140.8333,77.29,64,0,5.19,
93,,RU,71.6872,128.8694,-7.31,94,70,7.16,
94,,CL,-53.15,-70.9167,46.51,87,75,16.11,
95,,AU,-33.65,115.3333,64.26,73,76,15.46,
96,,PG,-2.0226,147.2712,84.83,72,80,9.31,
97,,CL,-37.6167,-73.65,50.22,82,21,3.2,
98,,AU,-28.7667,114.6,66.61,72,75,13.8,
99,,BR,-3.1019,-60.025,77.49,88,0,3.44,
100,,TO,-21.2,-175.2,84.36,74,20,8.05,
101,,KI,3.0707,172.7902,80.47,81,98,13.09,
102,,ES,43.6702,-7.4101,52.09,78,100,4.45,
103,,RE,-21.3585,55.7679,76.59,85,57,12.15,
104,,PF,-9.8,-139.0333,79.47,72,6,19.15,
105,,RU,50.6789,156.125,31.23,75,100,7.38,
106,,PW,7.0419,134.2556,82.9,79,100,19.55,
107,,RU,69.7008,170.3133,-8.1,85,14,3.49,
108,,ID,-6.8844,112.2051,82.26,76,66,6.49,
109,,TL,-8.9266,125.4092,74.28,40,100,3.15,
110,,MU,-20.4081,57.7,75.49,94,75,11.5,
111,,PE,-7.8447,-79.1469,64.94,77,100,5.86,
112,,ZA,-33.918,25.5701,66.09,95,40,12.66,
113,,AR,-54.8,-68.3,47.86,71,75,16.11,
114,,US,42.6001,-73.9662,40.93,89,14,5.95,
115,,SS,4.7717,33.5903,83.43,38,86,15.86,
116,,US,40.5982,-124.1573,50.67,70,0,24.16,
117,,SB,-10.4544,161.9205,84.7,70,91,8.19,
118,,CG,1.6481,14.5806,70.99,97,100,1.88,
119,,RU,67.4667,78.7,-12.26,99,88,5.1,
120,,ZA,-33.5906,26.891,63.18,96,100,7.0,
121,,AU,-25.2406,130.9889,84.04,17,0,9.22,
122,,CA,45.6169,-61.3485,44.19,96,100,4.61,
123,,KE,-1.367,38.0106,62.04,97,65,3.67,
124,,AU,-42.7826,147.0587,78.3,38,99,5.01,
125,,GL,72.7868,-56.1549,-7.71,99,28,3.6,
126,,US,21.3469,-158.0858,76.69,70,94,13.78,
127,,BR,-22.9661,-42.0278,75.97,90,97,9.1,
128,,US,44.7631,-85.6206,34.84,89,72,1.01,
129,,CO,1.1983,-70.1733,72.82,97,100,1.72,
130,,GL,65.6145,-37.6368,15.98,94,95,3.83,
131,,BB,13.0667,-59.5333,78.89,73,75,20.71,
132,,PF,-23.1203,-134.9692,78.84,73,7,17.52,
133,,GL,77.484,-69.3632,-2.27,87,100,5.41,
134,,US,64.8378,-147.7164,20.3,40,0,5.75,
135,,US,57.0531,-135.33,39.79,73,69,6.04,
136,,ZW,-20.3267,30.0665,59.81,97,100,7.47,
137,,ZA,-34.0033,24.7314,63.88,92,65,9.51,
138,,AU,-17.0,145.4333,87.44,59,37,6.29,
139,,MX,15.7432,-96.4661,77.25,67,40,4.92,
140,,ID,-5.3166,119.3661,84.22,72,42,2.13,
141,,RU,46.4856,135.8833,46.45,65,99,4.97,
142,,AU,-24.8667,113.6333,73.51,56,40,18.63,
143,,CA,66.1451,-65.7125,15.49,87,100,4.83,
144,,TH,14.7576,100.0899,90.86,37,100,7.31,
145,,ZA,-34.4187,19.2345,60.8,90,0,14.65,
146,,RU,55.0675,47.6111,35.96,100,100,4.07,
147,,IS,63.4427,-20.2734,39.13,77,100,29.77,
148,,PT,41.5388,-8.6151,57.34,91,100,4.38,
149,,CL,-35.3333,-72.4167,52.83,93,4,4.97,
150,,CA,69.4541,-133.0374,4.21,90,100,16.67,
151,,MY,5.4112,100.3354,84.13,83,20,7.0,
152,,FO,62.2266,-6.589,32.92,63,100,20.58,
153,,CA,62.456,-114.3525,24.57,62,68,23.0,
154,,RU,71.9167,114.0833,-0.4,89,19,2.42,
155,,US,32.944,-103.3485,76.05,10,2,3.0,
156,,US,38.8876,-76.5119,50.97,55,40,17.0,
157,,GB,51.3813,1.3862,42.69,77,65,1.01,
158,,BR,-8.7619,-63.9039,78.85,94,75,3.44,
159,,BO,-22.0866,-65.5942,51.75,68,3,12.73,
160,,NU,-19.0595,-169.9187,81.72,72,54,4.5,
161,,US,31.5545,-110.3037,74.8,13,6,7.0,
162,,BW,-20.4667,22.7167,64.44,80,31,8.72,
163,,US,28.017,-97.5169,72.32,57,82,20.24,
164,,NZ,-46.1927,168.8643,62.24,49,7,4.59,
165,,ZA,-33.9258,18.4232,63.1,73,0,3.0,
166,,BR,-24.7911,-50.0119,64.06,90,98,1.52,
167,,AU,-42.8794,147.3294,78.66,44,0,18.41,
168,,BR,-0.6136,-47.3561,75.99,91,100,3.87,
169,,CN,39.7432,98.5174,57.69,28,95,6.22,
170,,TZ,-1.2333,34.4333,63.9,65,97,10.6,
171,,AR,-43.3002,-65.1023,62.01,89,81,22.93,
172,,AR,-38.0023,-57.5575,67.08,94,16,21.99,
173,,US,57.79,-152.4072,36.19,37,0,6.02,
174,,ZA,-28.783,32.0377,66.24,86,100,1.28,
175,,US,42.3751,-70.9828,47.37,80,6,4.0,
176,,US,37.4636,-122.4286,68.79,66,0,21.85,
177,,KZ,51.1801,71.446,35.55,64,0,13.42,
178,,BR,-1.7656,-55.8661,75.27,96,74,2.89,
179,,ID,-5.6667,132.75,84.07,73,59,14.18,
180,,PT,38.5167,-28.7,56.37,70,62,34.49,
181,,US,39.4735,-118.7774,55.45,13,51,15.26,
182,,TM,41.8363,59.9666,63.84,44,83,9.15,
183,,ZA,-33.0117,17.9442,62.13,59,0,9.04,
184,,JP,35.7333,140.8333,77.29,64,0,5.19,
185,tiksi,RU,71.6872,128.8694,-7.31,94,70,7.16,
186,punta arenas,CL,-53.15,-70.9167,46.51,87,75,16.11,
187,busselton,AU,-33.65,115.3333,64.26,73,76,15.46,
188,lorengau,PG,-2.0226,147.2712,84.83,72,80,9.31,
189,lebu,CL,-37.6167,-73.65,50.22,82,21,3.2,
190,geraldton,AU,-28.7667,114.6,66.61,72,75,13.8,
191,manaus,BR,-3.1019,-60.025,77.49,88,0,3.44,
192,vaini,TO,-21.2,-175.2,84.36,74,20,8.05,
193,butaritari,KI,3.0707,172.7902,80.47,81,98,13.09,
194,cervo,ES,43.6702,-7.4101,52.09,78,100,4.45,
195,saint-philippe,RE,-21.3585,55.7679,76.59,85,57,12.15,
196,atuona,PF,-9.8,-139.0333,79.47,72,6,19.15,
197,severo-kurilsk,RU,50.6789,156.125,31.23,75,100,7.38,
198,kloulklubed,PW,7.0419,134.2556,82.9,79,100,19.55,
199,pevek,RU,69.7008,170.3133,-8.1,85,14,3.49,
200,labuhan,ID,-6.8844,112.2051,82.26,76,66,6.49,
201,airai,TL,-8.9266,125.4092,74.28,40,100,3.15,
202,mahebourg,MU,-20.4081,57.7,75.49,94,75,11.5,
203,chicama,PE,-7.8447,-79.1469,64.94,77,100,5.86,
204,port elizabeth,ZA,-33.918,25.5701,66.09,95,40,12.66,
205,ushuaia,AR,-54.8,-68.3,47.86,71,75,16.11,
206,albany,US,42.6001,-73.9662,40.93,89,14,5.95,
207,kapoeta,SS,4.7717,33.5903,83.43,38,86,15.86,
208,fortuna,US,40.5982,-124.1573,50.67,70,0,24.16,
209,kirakira,SB,-10.4544,161.9205,84.7,70,91,8.19,
210,sembe,CG,1.6481,14.5806,70.99,97,100,1.88,
211,tazovskiy,RU,67.4667,78.7,-12.26,99,88,5.1,
212,port alfred,ZA,-33.5906,26.891,63.18,96,100,7.0,
213,yulara,AU,-25.2406,130.9889,84.04,17,0,9.22,
214,port hawkesbury,CA,45.6169,-61.3485,44.19,96,100,4.61,
215,kitui,KE,-1.367,38.0106,62.04,97,65,3.67,
216,new norfolk,AU,-42.7826,147.0587,78.3,38,99,5.01,
217,upernavik,GL,72.7868,-56.1549,-7.71,99,28,3.6,
218,dikson,RU,73.5069,80.5464,8.65,96,97,6.55,
219,makakilo city,US,21.3469,-158.0858,76.69,70,94,13.78,
220,arraial do cabo,BR,-22.9661,-42.0278,75.97,90,97,9.1,
221,traverse city,US,44.7631,-85.6206,34.84,89,72,1.01,
222,mitu,CO,1.1983,-70.1733,72.82,97,100,1.72,
223,tasiilaq,GL,65.6145,-37.6368,15.98,94,95,3.83,
224,oistins,BB,13.0667,-59.5333,78.89,73,75,20.71,
225,rikitea,PF,-23.1203,-134.9692,78.84,73,7,17.52,
226,qaanaaq,GL,77.484,-69.3632,-2.27,87,100,5.41,
227,fairbanks,US,64.8378,-147.7164,20.3,40,0,5.75,
228,sitka,US,57.0531,-135.33,39.79,73,69,6.04,
229,zvishavane,ZW,-20.3267,30.0665,59.81,97,100,7.47,
230,kruisfontein,ZA,-34.0033,24.7314,63.88,92,65,9.51,
231,tiksi,RU,71.6872,128.8694,-7.31,94,70,7.16,
232,punta arenas,CL,-53.15,-70.9167,46.51,87,75,16.11,
233,busselton,AU,-33.65,115.3333,64.26,73,76,15.46,
234,lorengau,PG,-2.0226,147.2712,84.83,72,80,9.31,
235,lebu,CL,-37.6167,-73.65,50.22,82,21,3.2,
236,manaus,BR,-3.1019,-60.025,77.49,88,0,3.44,
237,vaini,TO,-21.2,-175.2,84.36,74,20,8.05,
238,butaritari,KI,3.0707,172.7902,80.47,81,98,13.09,
239,cervo,ES,43.6702,-7.4101,52.09,78,100,4.45,
240,saint-philippe,RE,-21.3585,55.7679,76.59,85,57,12.15,
241,atuona,PF,-9.8,-139.0333,79.47,72,6,19.15,
242,severo-kurilsk,RU,50.6789,156.125,31.23,75,100,7.38,
243,kloulklubed,PW,7.0419,134.2556,82.9,79,100,19.55,
244,pevek,RU,69.7008,170.3133,-8.1,85,14,3.49,
245,labuhan,ID,-6.8844,112.2051,82.26,76,66,6.49,
246,airai,TL,-8.9266,125.4092,74.28,40,100,3.15,
247,mahebourg,MU,-20.4081,57.7,75.49,94,75,11.5,
248,chicama,PE,-7.8447,-79.1469,71.15,77,100,5.86,
249,port elizabeth,ZA,-33.918,25.5701,66.09,95,40,12.66,
250,ushuaia,AR,-54.8,-68.3,47.86,71,75,16.11,
251,albany,US,42.6001,-73.9662,40.93,89,14,5.95,
252,kapoeta,SS,4.7717,33.5903,83.43,38,86,15.86,
253,fortuna,US,40.5982,-124.1573,50.67,70,0,24.16,
254,kirakira,SB,-10.4544,161.9205,84.7,70,91,8.19,
255,sembe,CG,1.6481,14.5806,70.99,97,100,1.88,
256,tazovskiy,RU,67.4667,78.7,-12.26,99,88,5.1,
257,port alfred,ZA,-33.5906,26.891,63.18,96,100,7.0,
258,yulara,AU,-25.2406,130.9889,84.04,17,0,9.22,
259,port hawkesbury,CA,45.6169,-61.3485,44.19,96,100,4.61,
260,kitui,KE,-1.367,38.0106,62.04,97,65,3.67,
261,new norfolk,AU,-42.7826,147.0587,78.3,38,99,5.01,
262,upernavik,GL,72.7868,-56.1549,-7.71,99,28,3.6,
263,dikson,RU,73.5069,80.5464,8.65,96,97,6.55,
264,makakilo city,US,21.3469,-158.0858,76.69,70,94,13.78,
265,arraial do cabo,BR,-22.9661,-42.0278,75.97,90,97,9.1,
266,traverse city,US,44.7631,-85.6206,34.84,89,72,1.01,
267,mitu,CO,1.1983,-70.1733,72.82,97,100,1.72,
268,tasiilaq,GL,65.6145,-37.6368,15.98,94,95,3.83,
269,oistins,BB,13.0667,-59.5333,78.89,73,75,20.71,
270,rikitea,PF,-23.1203,-134.9692,78.84,73,7,17.52,
271,qaanaaq,GL,77.484,-69.3632,-2.27,87,100,5.41,
272,fairbanks,US,64.8378,-147.7164,20.3,40,0,5.75,
273,sitka,US,57.0531,-135.33,39.79,73,69,6.04,
274,zvishavane,ZW,-20.3267,30.0665,59.81,97,100,7.47,
275,kruisfontein,ZA,-34.0033,24.7314,63.88,92,65,9.51,
276,mareeba,AU,-17.0,145.4333,87.44,59,37,6.29,
277,pochutla,MX,15.7432,-96.4661,77.25,67,40,4.92,
278,galesong,ID,-5.3166,119.3661,84.22,72,42,2.13,
279,vostok,RU,46.4856,135.8833,46.45,65,99,4.97,
280,carnarvon,AU,-24.8667,113.6333,73.51,56,40,18.63,
281,pangnirtung,CA,66.1451,-65.7125,15.49,87,100,4.83,
282,sam chuk,TH,14.7576,100.0899,90.86,37,100,7.31,
283,hermanus,ZA,-34.4187,19.2345,60.8,90,0,14.65,
284,batyrevo,RU,55.0675,47.6111,35.96,100,100,4.07,
285,vestmannaeyjar,IS,63.4427,-20.2734,39.13,77,100,29.77,
286,barcelos,PT,41.5388,-8.6151,57.34,91,100,4.38,
287,constitucion,CL,-35.3333,-72.4167,52.83,93,4,4.97,
288,tuktoyaktuk,CA,69.4541,-133.0374,4.21,90,100,16.67,
289,georgetown,MY,5.4112,100.3354,84.13,79,20,3.44,
290,klaksvik,FO,62.2266,-6.589,32.92,63,100,20.58,
291,yellowknife,CA,62.456,-114.3525,24.57,62,68,23.0,
292,saskylakh,RU,71.9167,114.0833,-0.4,89,19,2.42,
293,lovington,US,32.944,-103.3485,76.05,10,2,3.0,
294,mayo,US,38.8876,-76.5119,50.97,55,40,17.0,
295,margate,GB,51.3813,1.3862,42.69,77,65,1.01,
296,porto velho,BR,-8.7619,-63.9039,78.85,94,75,3.44,
297,villazon,BO,-22.0866,-65.5942,51.75,68,3,12.73,
298,alofi,NU,-19.0595,-169.9187,81.72,72,54,4.5,
299,sierra vista,US,31.5545,-110.3037,74.8,13,6,7.0,
300,sehithwa,BW,-20.4667,22.7167,64.44,80,31,8.72,
301,san patricio,US,28.017,-97.5169,72.32,57,82,20.24,
302,mataura,NZ,-46.1927,168.8643,62.24,49,7,4.59,
303,cape town,ZA,-33.9258,18.4232,63.1,73,0,3.0,
304,castro,BR,-24.7911,-50.0119,64.06,90,98,1.52,
305,hobart,AU,-42.8794,147.3294,78.66,44,0,18.41,
306,salinopolis,BR,-0.6136,-47.3561,75.99,91,100,3.87,
307,jiuquan,CN,39.7432,98.5174,57.69,28,95,6.22,
308,sirari,TZ,-1.2333,34.4333,63.9,65,97,10.6,
309,rawson,AR,-43.3002,-65.1023,62.01,89,81,22.93,
310,mar del plata,AR,-38.0023,-57.5575,67.08,94,16,21.99,
311,kodiak,US,57.79,-152.4072,36.19,37,0,6.02,
312,richards bay,ZA,-28.783,32.0377,66.24,86,100,1.28,
313,winthrop,US,42.3751,-70.9828,47.37,80,6,4.0,
314,half moon bay,US,37.4636,-122.4286,68.79,66,0,21.85,
315,astana,KZ,51.1801,71.446,35.55,64,0,13.42,
316,oriximina,BR,-1.7656,-55.8661,75.27,96,74,2.89,
317,tual,ID,-5.6667,132.75,84.07,73,59,14.18,
318,ribeira grande,PT,38.5167,-28.7,56.37,70,62,34.49,
319,fallon,US,39.4735,-118.7774,55.45,13,51,15.26,
320,dasoguz,TM,41.8363,59.9666,63.84,44,83,9.15,
321,saldanha,ZA,-33.0117,17.9442,62.13,59,0,9.04,
322,hasaki,JP,35.7333,140.8333,77.29,64,0,5.19,
323,rock springs,US,41.5875,-109.2029,42.24,22,75,26.46,
324,ixtapa,MX,20.7,-105.2,75.22,83,20,5.75,
325,faya,SA,18.3851,42.4509,55.92,45,0,3.29,
326,hay river,CA,60.8156,-115.7999,27.1,80,100,16.98,
327,torbay,CA,47.6666,-52.7314,35.28,96,100,14.97,
328,chake chake,TZ,-5.2459,39.7666,78.98,75,8,5.28,
329,kodinar,IN,20.7903,70.7031,79.07,66,0,6.78,
330,mehamn,NO,71.0357,27.8492,33.22,83,100,13.69,
331,teguldet,RU,57.3064,88.1667,26.92,88,100,8.19,
332,vila velha,BR,-20.3297,-40.2925,78.94,87,97,4.0,
333,padang,ID,-0.9492,100.3543,84.25,61,72,1.39,
334,eureka,US,40.8021,-124.1637,53.67,73,65,15.01,
335,bluff,NZ,-46.6,168.3333,58.01,74,7,23.87,
336,kabanjahe,ID,3.1001,98.4908,71.4,74,88,1.57,
337,bamnet narong,TH,15.4992,101.6897,86.95,34,69,1.79,
338,waipawa,NZ,-41.4122,175.5153,61.74,63,42,1.41,
339,tura,IN,25.5198,90.2201,76.08,81,2,3.62,
340,provideniya,RU,64.3833,-173.3,32.88,94,100,17.49,
341,bredasdorp,ZA,-34.5322,20.0403,60.39,92,18,12.01,
342,maceio,BR,-9.6658,-35.7353,74.64,88,20,3.44,
343,yaan,NG,7.3833,8.5667,78.58,74,100,3.24,
344,christchurch,NZ,-43.5333,172.6333,67.41,62,35,11.5,
345,leningradskiy,RU,69.3833,178.4167,-4.86,86,100,6.29,
346,mazyr,BY,52.0495,29.2456,37.85,94,100,6.4,
347,pelym,RU,61.0108,61.9978,33.39,98,100,7.14,
348,hovd,MN,48.0056,91.6419,30.92,40,1,2.98,
349,kaitangata,NZ,-46.2817,169.8464,62.94,51,7,7.76,
350,qandala,SO,11.472,49.8728,81.73,58,100,5.53,
351,ranfurly,NZ,-45.1333,170.1,65.1,53,14,3.13,
352,nikolskoye,RU,59.7035,30.7861,33.71,97,48,5.79,
353,priladozhskiy,RU,59.85,31.4833,31.53,1,98,7.99,
354,ponta do sol,PT,32.6667,-17.1,62.01,75,34,7.87,
355,yumen,CN,40.2833,97.2,55.42,19,100,12.26,
356,chuy,UY,-33.6971,-53.4616,64.76,92,23,7.85,
357,pacific grove,US,36.6177,-121.9166,68.45,70,0,10.36,
358,beloha,MG,-25.1667,45.05,72.72,83,93,13.4,
359,marsa matruh,EG,31.3525,27.2453,59.58,76,18,4.23,
360,bairiki,KI,1.3292,172.9752,86.0,74,75,10.36,
361,ust-maya,RU,60.4167,134.5333,30.49,74,100,7.96,
362,kapaa,US,22.0752,-159.319,82.38,78,20,13.8,
363,bengkulu,ID,-3.8004,102.2655,82.74,69,44,0.76,
364,kerema,PG,-7.9631,145.7785,83.37,79,100,9.15,
365,east london,ZA,-33.0153,27.9116,64.85,90,98,17.47,
366,puerto colombia,CO,10.9878,-74.9547,80.69,85,39,28.86,
367,olafsvik,IS,64.8945,-23.7142,37.71,94,100,28.86,
368,tias,ES,28.9611,-13.645,58.68,82,0,6.91,
369,ilulissat,GL,69.2167,-51.1,6.82,72,90,3.44,
370,avarua,CK,-21.2078,-159.775,84.25,74,20,8.05,
371,thompson,CA,55.7435,-97.8558,33.96,93,100,5.75,
372,sao filipe,CV,14.8961,-24.4956,74.61,68,9,15.52,
373,hamilton,US,39.1834,-84.5333,40.84,73,100,4.61,
374,udachnyy,RU,66.4167,112.4,19.35,79,29,2.75,
375,novyy urengoy,RU,66.0833,76.6333,2.55,91,87,3.67,
376,almaznyy,RU,48.0448,40.045,46.72,87,99,7.56,
377,norman wells,CA,65.282,-126.8329,13.93,87,100,13.65,
378,novikovo,RU,51.1537,37.8879,49.42,83,100,11.25,
379,hue,VN,16.4667,107.6,77.11,73,20,2.3,
380,kemin,KG,42.7846,75.6892,56.17,69,66,7.43,
381,tilichiki,RU,60.4667,166.1,24.82,72,67,7.85,
382,flin flon,CA,54.7682,-101.865,34.74,97,100,4.16,
383,oppdal,NO,62.5943,9.6912,26.71,98,100,6.04,
384,luangwa,ZM,-15.6167,30.4167,68.94,93,83,4.21,
385,cardston,CA,49.2,-113.3019,35.78,44,100,17.92,
386,barrow,US,71.2906,-156.7887,-5.78,71,0,8.05,
387,hilo,US,19.7297,-155.09,73.26,94,100,6.91,
388,gat,IL,31.61,34.7642,63.39,81,3,5.61,
389,progreso,MX,21.2833,-89.6667,73.51,56,91,15.23,
390,arcata,US,40.8665,-124.0828,53.67,70,0,23.02,
391,aksay,RU,47.26,39.87,47.25,80,92,4.0,
392,santa maria,BR,-29.6842,-53.8069,63.16,97,11,4.92,
393,codrington,AU,-38.2667,141.9667,79.84,36,100,17.56,
394,kamina,CD,-8.7386,24.9906,62.08,98,100,3.09,
395,imeni poliny osipenko,RU,52.4201,136.4853,29.77,92,99,4.18,
396,puerto ayora,EC,-0.7393,-90.3518,78.39,85,58,5.61,
397,boundiali,CI,9.5217,-6.4869,80.62,57,96,8.1,
398,bauchi,NG,10.5,10.0,77.02,67,100,7.27,
399,khandyga,RU,62.6667,135.6,28.35,80,100,5.12,
400,patitirion,GR,39.15,23.8667,62.38,74,15,11.61,
401,saint-leu,RE,-21.15,55.2833,76.06,77,8,9.31,
402,leiyang,CN,26.4024,112.8591,76.87,51,99,5.21,
403,port hardy,CA,50.6996,-127.4199,39.9,73,100,14.05,
404,jamestown,US,42.097,-79.2353,35.19,49,100,8.05,
405,bambous virieux,MU,-20.3428,57.7575,77.25,88,75,11.5,
406,nanortalik,GL,60.1432,-45.2371,30.06,79,85,4.21,
407,khandbari,NP,27.3747,87.2039,68.68,72,61,0.36,
408,cabo san lucas,MX,22.8909,-109.9124,74.5,75,0,16.11,
409,marzuq,YE,14.4,46.4667,65.46,38,0,5.23,
410,rafiganj,IN,24.8167,84.65,86.14,14,0,3.09,
411,champerico,GT,14.3,-91.9167,83.34,73,100,8.72,
412,esperance,AU,-33.8667,121.9,61.88,59,84,12.93,
413,zhangye,CN,38.9342,100.4517,60.33,22,2,11.99,
414,calvia,ES,39.5657,2.5062,54.91,74,86,11.23,
415,talnakh,RU,69.4865,88.3972,-3.8,94,97,2.98,
416,tiksi,RU,71.6872,128.8694,-7.31,94,70,7.16,broken clouds
417,punta arenas,CL,-53.15,-70.9167,46.51,76,75,11.5,broken clouds
418,busselton,AU,-33.65,115.3333,64.26,73,76,15.46,broken clouds
419,lorengau,PG,-2.0226,147.2712,84.83,72,80,9.31,broken clouds
420,lebu,CL,-37.6167,-73.65,50.22,82,21,3.2,few clouds
421,geraldton,AU,-28.7667,114.6,66.61,72,75,13.8,broken clouds
422,manaus,BR,-3.1019,-60.025,77.49,88,0,5.75,clear sky
423,vaini,TO,-21.2,-175.2,84.36,79,40,8.05,scattered clouds
424,butaritari,KI,3.0707,172.7902,80.47,81,98,13.09,moderate rain
425,cervo,ES,43.6702,-7.4101,52.09,78,100,4.45,overcast clouds
426,saint-philippe,RE,-21.3585,55.7679,76.59,85,57,12.15,light rain
427,atuona,PF,-9.8,-139.0333,79.47,72,6,19.15,clear sky
428,severo-kurilsk,RU,50.6789,156.125,31.23,75,100,7.38,overcast clouds
429,kloulklubed,PW,7.0419,134.2556,82.9,79,100,19.55,overcast clouds
430,pevek,RU,69.7008,170.3133,-8.1,85,14,3.49,few clouds
431,labuhan,ID,-6.8844,112.2051,82.26,76,66,6.49,broken clouds
432,airai,TL,-8.9266,125.4092,74.28,40,100,3.15,overcast clouds
433,mahebourg,MU,-20.4081,57.7,77.29,88,75,11.5,light intensity shower rain
434,chicama,PE,-7.8447,-79.1469,71.15,77,100,5.86,overcast clouds
435,port elizabeth,ZA,-33.918,25.5701,66.09,94,75,16.11,broken clouds
436,ushuaia,AR,-54.8,-68.3,47.86,66,75,24.16,broken clouds
437,albany,US,42.6001,-73.9662,41.31,89,14,5.95,few clouds
438,kapoeta,SS,4.7717,33.5903,83.43,38,86,15.86,overcast clouds
439,fortuna,US,40.5982,-124.1573,49.93,73,0,24.16,clear sky
440,kirakira,SB,-10.4544,161.9205,84.7,70,91,8.19,overcast clouds
441,sembe,CG,1.6481,14.5806,70.99,97,100,1.88,overcast clouds
442,tazovskiy,RU,67.4667,78.7,-12.26,99,88,5.1,overcast clouds
443,port alfred,ZA,-33.5906,26.891,63.18,96,100,5.99,overcast clouds
444,yulara,AU,-25.2406,130.9889,89.44,12,0,9.22,clear sky
445,port hawkesbury,CA,45.6169,-61.3485,44.19,98,100,4.61,mist
446,kitui,KE,-1.367,38.0106,62.04,97,65,3.67,broken clouds
447,new norfolk,AU,-42.7826,147.0587,78.3,38,99,5.01,overcast clouds
448,upernavik,GL,72.7868,-56.1549,-7.71,99,28,3.6,scattered clouds
449,dikson,RU,73.5069,80.5464,8.65,96,97,6.55,overcast clouds
450,makakilo city,US,21.3469,-158.0858,82.72,56,40,17.27,scattered clouds
451,arraial do cabo,BR,-22.9661,-42.0278,75.97,90,97,9.1,overcast clouds
452,traverse city,US,44.7631,-85.6206,33.91,81,20,4.61,few clouds
453,mitu,CO,1.1983,-70.1733,72.82,97,100,1.72,moderate rain
454,tasiilaq,GL,65.6145,-37.6368,21.36,94,95,3.83,overcast clouds
455,oistins,BB,13.0667,-59.5333,78.22,73,100,18.23,overcast clouds
456,rikitea,PF,-23.1203,-134.9692,78.84,73,7,17.52,clear sky
457,qaanaaq,GL,77.484,-69.3632,-2.27,87,100,5.41,overcast clouds
458,fairbanks,US,64.8378,-147.7164,20.61,41,40,4.61,scattered clouds
459,sitka,US,57.0531,-135.33,42.69,61,75,14.97,broken clouds
460,zvishavane,ZW,-20.3267,30.0665,59.81,97,100,7.47,light rain
461,kruisfontein,ZA,-34.0033,24.7314,63.88,92,65,9.51,broken clouds
462,mareeba,AU,-17.0,145.4333,85.44,64,37,6.29,scattered clouds
463,pochutla,MX,15.7432,-96.4661,82.22,67,40,4.92,scattered clouds
464,galesong,ID,-5.3166,119.3661,84.22,72,42,2.13,scattered clouds
465,vostok,RU,46.4856,135.8833,46.45,65,99,4.97,overcast clouds
466,carnarvon,AU,-24.8667,113.6333,75.27,43,40,13.8,scattered clouds
467,pangnirtung,CA,66.1451,-65.7125,15.49,87,100,4.83,overcast clouds
468,sam chuk,TH,14.7576,100.0899,90.86,37,100,7.31,overcast clouds
469,hermanus,ZA,-34.4187,19.2345,60.8,90,0,14.65,clear sky
470,batyrevo,RU,55.0675,47.6111,35.96,100,100,4.07,overcast clouds
471,vestmannaeyjar,IS,63.4427,-20.2734,39.13,77,100,29.77,overcast clouds
472,barcelos,PT,41.5388,-8.6151,57.34,91,100,4.38,overcast clouds
473,constitucion,CL,-35.3333,-72.4167,52.83,93,4,4.97,clear sky
474,tuktoyaktuk,CA,69.4541,-133.0374,4.21,90,100,16.67,overcast clouds
475,georgetown,MY,5.4112,100.3354,84.13,79,20,3.44,thunderstorm
476,klaksvik,FO,62.2266,-6.589,32.92,63,100,20.58,overcast clouds
477,yellowknife,CA,62.456,-114.3525,24.57,62,68,23.0,broken clouds
478,saskylakh,RU,71.9167,114.0833,-0.4,89,19,2.42,few clouds
479,lovington,US,32.944,-103.3485,76.05,11,2,3.0,clear sky
480,mayo,US,38.8876,-76.5119,50.97,55,0,18.99,clear sky
481,margate,GB,51.3813,1.3862,42.69,76,65,1.01,broken clouds
482,porto velho,BR,-8.7619,-63.9039,78.85,94,75,3.44,broken clouds
483,villazon,BO,-22.0866,-65.5942,51.75,68,3,12.73,clear sky
484,alofi,NU,-19.0595,-169.9187,81.72,72,54,4.5,broken clouds
485,sierra vista,US,31.5545,-110.3037,74.8,12,0,20.71,clear sky
486,sehithwa,BW,-20.4667,22.7167,64.44,80,31,8.72,scattered clouds
487,san patricio,US,28.017,-97.5169,72.18,57,82,20.24,broken clouds
488,mataura,NZ,-46.1927,168.8643,62.24,49,7,4.59,clear sky
489,cape town,ZA,-33.9258,18.4232,63.1,72,0,3.0,clear sky
490,castro,BR,-24.7911,-50.0119,64.06,90,98,1.52,overcast clouds
491,hobart,AU,-42.8794,147.3294,78.66,44,0,18.41,clear sky
492,salinopolis,BR,-0.6136,-47.3561,75.99,91,100,3.87,overcast clouds
493,jiuquan,CN,39.7432,98.5174,57.69,28,95,6.22,overcast clouds
494,sirari,TZ,-1.2333,34.4333,63.9,65,97,10.6,overcast clouds
495,rawson,AR,-43.3002,-65.1023,62.01,89,81,22.93,light rain
496,mar del plata,AR,-38.0023,-57.5575,67.08,94,100,23.0,overcast clouds
497,kodiak,US,57.79,-152.4072,40.51,30,0,9.22,clear sky
498,richards bay,ZA,-28.783,32.0377,66.24,86,100,1.28,light rain
499,winthrop,US,42.3751,-70.9828,47.37,80,6,8.99,clear sky
500,half moon bay,US,37.4636,-122.4286,68.88,64,0,21.85,mist
501,astana,KZ,51.1801,71.446,35.55,64,0,13.42,clear sky
502,oriximina,BR,-1.7656,-55.8661,75.27,96,74,2.89,broken clouds
503,tual,ID,-5.6667,132.75,84.07,73,59,14.18,broken clouds
504,ribeira grande,PT,38.5167,-28.7,56.37,70,62,34.49,broken clouds
505,fallon,US,39.4735,-118.7774,55.45,12,0,12.66,clear sky
506,dasoguz,TM,41.8363,59.9666,63.84,44,83,9.15,broken clouds
507,saldanha,ZA,-33.0117,17.9442,62.13,59,0,9.04,clear sky
508,hasaki,JP,35.7333,140.8333,79.29,64,0,5.19,clear sky
509,tiksi,RU,71.6872,128.8694,-7.31,94,70,7.16,broken clouds
510,punta arenas,CL,-53.15,-70.9167,46.51,76,75,11.5,broken clouds
511,busselton,AU,-33.65,115.3333,64.26,73,76,15.46,broken clouds
512,lorengau,PG,-2.0226,147.2712,84.83,72,80,9.31,broken clouds
513,lebu,CL,-37.6167,-73.65,50.22,82,21,3.2,few clouds
514,geraldton,AU,-28.7667,114.6,66.61,72,75,13.8,broken clouds
515,manaus,BR,-3.1019,-60.025,77.49,88,0,5.75,clear sky
516,vaini,TO,-21.2,-175.2,84.36,79,40,8.05,scattered clouds
517,butaritari,KI,3.0707,172.7902,80.47,81,98,13.09,moderate rain
518,cervo,ES,43.6702,-7.4101,52.09,78,100,4.45,overcast clouds
519,saint-philippe,RE,-21.3585,55.7679,76.59,85,57,12.15,light rain
520,atuona,PF,-9.8,-139.0333,79.47,72,6,19.15,clear sky
521,severo-kurilsk,RU,50.6789,156.125,31.23,75,100,7.38,overcast clouds
522,kloulklubed,PW,7.0419,134.2556,82.9,79,100,19.55,overcast clouds
523,pevek,RU,69.7008,170.3133,-8.1,85,14,3.49,few clouds
524,labuhan,ID,-6.8844,112.2051,82.26,76,66,6.49,broken clouds
525,airai,TL,-8.9266,125.4092,74.28,40,100,3.15,overcast clouds
526,mahebourg,MU,-20.4081,57.7,77.29,88,75,11.5,light intensity shower rain
527,chicama,PE,-7.8447,-79.1469,64.94,77,100,5.86,overcast clouds
528,port elizabeth,ZA,-33.918,25.5701,66.09,94,75,16.11,broken clouds
529,ushuaia,AR,-54.8,-68.3,47.86,66,75,24.16,broken clouds
530,albany,US,42.6001,-73.9662,41.31,89,14,5.95,few clouds
531,kapoeta,SS,4.7717,33.5903,83.43,38,86,15.86,overcast clouds
532,fortuna,US,40.5982,-124.1573,49.93,73,0,24.16,clear sky
533,kirakira,SB,-10.4544,161.9205,84.7,70,91,8.19,overcast clouds
534,sembe,CG,1.6481,14.5806,70.99,97,100,1.88,overcast clouds
535,tazovskiy,RU,67.4667,78.7,-12.26,99,88,5.1,overcast clouds
536,port alfred,ZA,-33.5906,26.891,63.18,96,100,5.99,overcast clouds
537,yulara,AU,-25.2406,130.9889,89.44,12,0,9.22,clear sky
538,port hawkesbury,CA,45.6169,-61.3485,44.19,98,100,4.61,mist
539,kitui,KE,-1.367,38.0106,62.04,97,65,3.67,broken clouds
540,new norfolk,AU,-42.7826,147.0587,78.3,38,99,5.01,overcast clouds
541,upernavik,GL,72.7868,-56.1549,-7.71,99,28,3.6,scattered clouds
542,dikson,RU,73.5069,80.5464,8.65,96,97,6.55,overcast clouds
543,makakilo city,US,21.3469,-158.0858,82.72,56,40,17.27,scattered clouds
544,arraial do cabo,BR,-22.9661,-42.0278,75.97,90,97,9.1,overcast clouds
545,traverse city,US,44.7631,-85.6206,33.91,81,20,4.61,few clouds
546,mitu,CO,1.1983,-70.1733,72.82,97,100,1.72,moderate rain
547,tasiilaq,GL,65.6145,-37.6368,21.36,94,95,3.83,overcast clouds
548,oistins,BB,13.0667,-59.5333,78.22,73,100,18.23,overcast clouds
549,rikitea,PF,-23.1203,-134.9692,78.84,73,7,17.52,clear sky
550,qaanaaq,GL,77.484,-69.3632,-2.27,87,100,5.41,overcast clouds
551,fairbanks,US,64.8378,-147.7164,20.61,41,40,4.61,scattered clouds
552,sitka,US,57.0531,-135.33,42.69,61,75,14.97,broken clouds
553,zvishavane,ZW,-20.3267,30.0665,59.81,97,100,7.47,light rain
554,kruisfontein,ZA,-34.0033,24.7314,63.88,92,65,9.51,broken clouds
555,mareeba,AU,-17.0,145.4333,85.44,64,37,6.29,scattered clouds
556,pochutla,MX,15.7432,-96.4661,82.22,67,40,4.92,scattered clouds
557,galesong,ID,-5.3166,119.3661,84.22,72,42,2.13,scattered clouds
558,vostok,RU,46.4856,135.8833,46.45,65,99,4.97,overcast clouds
559,carnarvon,AU,-24.8667,113.6333,75.27,43,40,13.8,scattered clouds
560,pangnirtung,CA,66.1451,-65.7125,15.49,87,100,4.83,overcast clouds
561,sam chuk,TH,14.7576,100.0899,90.86,37,100,7.31,overcast clouds
562,hermanus,ZA,-34.4187,19.2345,60.8,90,0,14.65,clear sky
563,batyrevo,RU,55.0675,47.6111,35.96,100,100,4.07,overcast clouds
564,vestmannaeyjar,IS,63.4427,-20.2734,39.13,77,100,29.77,overcast clouds
565,barcelos,PT,41.5388,-8.6151,57.34,91,100,4.38,overcast clouds
566,constitucion,CL,-35.3333,-72.4167,52.83,93,4,4.97,clear sky
567,tuktoyaktuk,CA,69.4541,-133.0374,4.21,90,100,16.67,overcast clouds
568,georgetown,MY,5.4112,100.3354,84.13,79,20,3.44,thunderstorm
569,klaksvik,FO,62.2266,-6.589,32.92,63,100,20.58,overcast clouds
570,yellowknife,CA,62.456,-114.3525,24.57,62,68,23.0,broken clouds
571,saskylakh,RU,71.9167,114.0833,-0.4,89,19,2.42,few clouds
572,lovington,US,32.944,-103.3485,76.05,11,2,3.0,clear sky
573,mayo,US,38.8876,-76.5119,50.97,55,0,18.99,clear sky
574,margate,GB,51.3813,1.3862,42.69,76,65,1.01,broken clouds
575,porto velho,BR,-8.7619,-63.9039,78.85,94,75,3.44,broken clouds
576,villazon,BO,-22.0866,-65.5942,51.75,68,3,12.73,clear sky
577,alofi,NU,-19.0595,-169.9187,81.72,72,54,4.5,broken clouds
578,sierra vista,US,31.5545,-110.3037,74.8,12,0,20.71,clear sky
579,sehithwa,BW,-20.4667,22.7167,64.44,80,31,8.72,scattered clouds
580,san patricio,US,28.017,-97.5169,72.18,57,82,20.24,broken clouds
581,mataura,NZ,-46.1927,168.8643,62.24,49,7,4.59,clear sky
582,cape town,ZA,-33.9258,18.4232,63.1,72,0,3.0,clear sky
583,castro,BR,-24.7911,-50.0119,64.06,90,98,1.52,overcast clouds
584,hobart,AU,-42.8794,147.3294,78.66,44,0,18.41,clear sky
585,salinopolis,BR,-0.6136,-47.3561,75.99,91,100,3.87,overcast clouds
586,jiuquan,CN,39.7432,98.5174,57.69,28,95,6.22,overcast clouds
587,sirari,TZ,-1.2333,34.4333,63.9,65,97,10.6,overcast clouds
588,rawson,AR,-43.3002,-65.1023,62.01,89,81,22.93,light rain
589,mar del plata,AR,-38.0023,-57.5575,67.08,94,100,23.0,overcast clouds
590,kodiak,US,57.79,-152.4072,40.51,30,0,9.22,clear sky
591,richards bay,ZA,-28.783,32.0377,66.24,86,100,1.28,light rain
592,winthrop,US,42.3751,-70.9828,47.37,80,6,8.99,clear sky
593,half moon bay,US,37.4636,-122.4286,68.88,64,0,21.85,mist
594,astana,KZ,51.1801,71.446,35.55,64,0,13.42,clear sky
595,oriximina,BR,-1.7656,-55.8661,75.27,96,74,2.89,broken clouds
596,tual,ID,-5.6667,132.75,84.07,73,59,14.18,broken clouds
597,ribeira grande,PT,38.5167,-28.7,56.37,70,62,34.49,broken clouds
598,fallon,US,39.4735,-118.7774,55.45,12,0,12.66,clear sky
599,dasoguz,TM,41.8363,59.9666,63.84,44,83,9.15,broken clouds
600,saldanha,ZA,-33.0117,17.9442,62.13,59,0,9.04,clear sky
601,hasaki,JP,35.7333,140.8333,79.29,64,0,5.19,clear sky
602,rock springs,US,41.5875,-109.2029,42.24,22,75,26.46,broken clouds
603,ixtapa,MX,20.7,-105.2,75.22,83,20,5.75,few clouds
604,faya,SA,18.3851,42.4509,59.11,45,0,3.29,clear sky
605,hay river,CA,60.8156,-115.7999,31.98,64,75,12.66,broken clouds
606,torbay,CA,47.6666,-52.7314,35.28,96,100,17.27,light intensity drizzle
607,chake chake,TZ,-5.2459,39.7666,78.98,75,8,5.28,clear sky
608,kodinar,IN,20.7903,70.7031,79.07,66,0,6.78,clear sky
609,mehamn,NO,71.0357,27.8492,33.22,83,100,13.69,overcast clouds
610,teguldet,RU,57.3064,88.1667,26.92,88,100,8.19,light snow
611,vila velha,BR,-20.3297,-40.2925,80.55,88,20,9.22,few clouds
612,padang,ID,-0.9492,100.3543,84.25,61,72,1.39,broken clouds
613,eureka,US,40.8021,-124.1637,52.66,74,65,11.99,broken clouds
614,bluff,NZ,-46.6,168.3333,58.01,74,7,23.87,clear sky
615,kabanjahe,ID,3.1001,98.4908,71.4,74,88,1.57,overcast clouds
616,bamnet narong,TH,15.4992,101.6897,86.95,34,69,1.79,broken clouds
617,waipawa,NZ,-41.4122,175.5153,61.74,63,42,1.41,scattered clouds
618,tura,IN,25.5198,90.2201,76.08,81,2,3.62,clear sky
619,provideniya,RU,64.3833,-173.3,32.88,94,100,17.49,light snow
620,bredasdorp,ZA,-34.5322,20.0403,60.39,92,18,12.01,few clouds
621,maceio,BR,-9.6658,-35.7353,74.64,88,20,3.44,few clouds
622,yaan,NG,7.3833,8.5667,78.58,74,100,3.24,overcast clouds
623,christchurch,NZ,-43.5333,172.6333,64.9,62,35,11.5,scattered clouds
624,leningradskiy,RU,69.3833,178.4167,-4.86,86,100,6.29,overcast clouds
625,mazyr,BY,52.0495,29.2456,37.85,94,100,6.4,overcast clouds
626,pelym,RU,61.0108,61.9978,33.39,98,100,7.14,overcast clouds
627,hovd,MN,48.0056,91.6419,30.92,40,1,2.98,clear sky
628,kaitangata,NZ,-46.2817,169.8464,62.94,51,7,7.76,clear sky
629,qandala,SO,11.472,49.8728,81.73,58,100,5.53,overcast clouds
630,ranfurly,NZ,-45.1333,170.1,67.1,49,14,3.13,few clouds
631,nikolskoye,RU,59.7035,30.7861,33.71,97,48,5.79,scattered clouds
632,priladozhskiy,RU,59.85,31.4833,31.53,1,98,7.99,overcast clouds
633,ponta do sol,PT,32.6667,-17.1,62.01,75,34,7.87,scattered clouds
634,yumen,CN,40.2833,97.2,55.42,19,100,12.26,overcast clouds
635,chuy,UY,-33.6971,-53.4616,64.76,92,23,7.85,few clouds
636,pacific grove,US,36.6177,-121.9166,68.45,71,0,10.36,haze
637,beloha,MG,-25.1667,45.05,72.72,83,93,13.4,overcast clouds
638,marsa matruh,EG,31.3525,27.2453,59.58,76,18,4.23,few clouds
639,bairiki,KI,1.3292,172.9752,86.0,74,75,10.36,light rain
640,ust-maya,RU,60.4167,134.5333,30.49,74,100,7.96,overcast clouds
641,kapaa,US,22.0752,-159.319,82.38,80,20,13.8,few clouds
642,bengkulu,ID,-3.8004,102.2655,82.74,69,44,0.76,scattered clouds
643,kerema,PG,-7.9631,145.7785,83.37,79,100,9.15,overcast clouds
644,east london,ZA,-33.0153,27.9116,64.85,90,98,17.47,light rain
645,puerto colombia,CO,10.9878,-74.9547,80.69,85,39,28.86,scattered clouds
646,olafsvik,IS,64.8945,-23.7142,37.71,94,100,28.86,overcast clouds
647,tias,ES,28.9611,-13.645,58.68,77,0,5.75,clear sky
648,ilulissat,GL,69.2167,-51.1,6.82,72,90,3.44,overcast clouds
649,avarua,CK,-21.2078,-159.775,84.25,74,91,6.91,overcast clouds
650,thompson,CA,55.7435,-97.8558,32.16,100,100,8.05,overcast clouds
651,sao filipe,CV,14.8961,-24.4956,74.61,68,9,15.52,clear sky
652,hamilton,US,39.1834,-84.5333,40.84,73,100,4.61,overcast clouds
653,udachnyy,RU,66.4167,112.4,25.45,45,29,2.75,scattered clouds
654,novyy urengoy,RU,66.0833,76.6333,2.55,91,87,3.67,overcast clouds
655,almaznyy,RU,48.0448,40.045,46.72,87,99,7.56,overcast clouds
656,norman wells,CA,65.282,-126.8329,14.04,57,75,13.8,broken clouds
657,novikovo,RU,51.1537,37.8879,49.42,83,100,11.25,overcast clouds
658,hue,VN,16.4667,107.6,77.11,73,20,3.44,few clouds
659,kemin,KG,42.7846,75.6892,56.17,69,66,7.43,light rain
660,tilichiki,RU,60.4667,166.1,24.82,72,67,7.85,broken clouds
661,flin flon,CA,54.7682,-101.865,34.74,97,100,4.16,overcast clouds
662,oppdal,NO,62.5943,9.6912,26.71,98,100,6.04,light snow
663,luangwa,ZM,-15.6167,30.4167,68.94,93,83,4.21,broken clouds
664,cardston,CA,49.2,-113.3019,39.34,51,100,13.8,overcast clouds
665,barrow,US,71.2906,-156.7887,-5.78,71,0,8.05,clear sky
666,hilo,US,19.7297,-155.09,73.26,93,100,10.0,moderate rain
667,gat,IL,31.61,34.7642,63.39,81,3,5.61,clear sky
668,progreso,MX,21.2833,-89.6667,73.51,56,91,15.23,overcast clouds
669,arcata,US,40.8665,-124.0828,52.66,71,0,23.02,clear sky
670,aksay,RU,47.26,39.87,47.25,80,92,4.0,overcast clouds
671,santa maria,BR,-29.6842,-53.8069,63.16,97,11,4.92,few clouds
672,codrington,AU,-38.2667,141.9667,79.84,36,100,17.56,overcast clouds
673,kamina,CD,-8.7386,24.9906,62.08,98,100,3.09,light rain
674,imeni poliny osipenko,RU,52.4201,136.4853,29.77,92,99,4.18,overcast clouds
675,puerto ayora,EC,-0.7393,-90.3518,78.39,85,58,5.61,broken clouds
676,boundiali,CI,9.5217,-6.4869,80.62,57,96,8.1,light rain
677,bauchi,NG,10.5,10.0,77.02,67,100,7.27,overcast clouds
678,khandyga,RU,62.6667,135.6,28.35,80,100,5.12,overcast clouds
679,patitirion,GR,39.15,23.8667,58.91,74,15,11.61,few clouds
680,saint-leu,RE,-21.15,55.2833,76.06,77,8,9.31,clear sky
681,leiyang,CN,26.4024,112.8591,76.87,51,99,5.21,overcast clouds
682,port hardy,CA,50.6996,-127.4199,39.38,87,75,4.61,light intensity shower rain
683,jamestown,US,42.097,-79.2353,35.19,49,100,8.05,overcast clouds
684,bambous virieux,MU,-20.3428,57.7575,77.25,88,75,11.5,light intensity shower rain
685,nanortalik,GL,60.1432,-45.2371,30.06,79,85,4.21,overcast clouds
686,khandbari,NP,27.3747,87.2039,68.68,72,61,0.36,broken clouds
687,cabo san lucas,MX,22.8909,-109.9124,74.5,76,0,16.11,clear sky
688,marzuq,YE,14.4,46.4667,65.46,38,0,5.23,clear sky
689,rafiganj,IN,24.8167,84.65,86.14,14,0,3.09,clear sky
690,champerico,GT,14.3,-91.9167,83.34,73,100,8.72,overcast clouds
691,esperance,AU,-33.8667,121.9,61.88,59,84,12.93,broken clouds
692,zhangye,CN,38.9342,100.4517,60.33,22,2,11.99,clear sky
693,calvia,ES,39.5657,2.5062,54.91,75,86,11.23,overcast clouds
694,talnakh,RU,69.4865,88.3972,-3.8,94,97,2.98,overcast clouds
695,victoria,HK,22.2855,114.1577,80.94,62,0,7.0,clear sky
696,pisco,PE,-13.7,-76.2167,68.05,83,0,8.05,clear sky
697,guerrero negro,MX,27.9769,-114.0611,65.61,78,0,14.18,clear sky
698,blackwater,AU,-23.5833,148.8833,85.51,51,69,15.41,broken clouds
699,cegrane,MK,41.8389,20.9758,50.81,75,82,5.68,broken clouds
700,bangassou,CF,4.7413,22.8184,73.29,82,100,2.33,overcast clouds
701,saint anthony,US,45.0205,-93.218,48.13,38,0,6.91,clear sky
702,waingapu,ID,-9.6567,120.2641,83.77,64,83,2.62,broken clouds
703,uberaba,BR,-19.7483,-47.9319,75.78,73,20,4.61,few clouds
704,asau,RO,46.4333,26.4,40.28,95,100,5.91,overcast clouds
705,tirodi,IN,21.6833,79.7,87.13,35,87,4.29,overcast clouds
706,jieshi,CN,22.8134,115.8257,77.95,64,7,9.24,clear sky
707,pawayan,IN,28.0667,80.1,81.54,17,0,9.78,clear sky
708,hithadhoo,MV,-0.6,73.0833,82.96,74,45,10.11,scattered clouds
709,carballo,ES,43.213,-8.691,54.01,97,100,4.47,overcast clouds
710,muisne,EC,0.6,-80.0333,77.04,86,99,4.83,overcast clouds
711,tahoua,NE,14.8888,5.2692,82.24,11,74,3.71,broken clouds
712,karratha,AU,-20.7377,116.8463,91.18,30,45,13.42,scattered clouds
713,harper,LR,4.375,-7.7169,79.39,86,100,2.59,light rain
714,praia da vitoria,PT,38.7333,-27.0667,53.85,82,40,27.89,scattered clouds
715,trofors,NO,65.5333,13.4063,29.5,96,100,4.81,overcast clouds
716,kushima,JP,31.4583,131.2333,71.47,51,55,6.6,broken clouds
717,port-gentil,GA,-0.7193,8.7815,78.33,82,100,7.87,overcast clouds
718,longyearbyen,SJ,78.2186,15.6401,17.44,67,20,24.16,few clouds
719,kahului,US,20.8947,-156.47,78.82,74,75,26.46,broken clouds
720,hambantota,LK,6.1241,81.1185,80.31,80,96,12.95,overcast clouds
721,mankono,CI,8.0586,-6.1897,73.89,88,84,7.02,broken clouds
722,maku,IR,39.2911,44.4521,41.61,81,0,0.0,clear sky
723,san quintin,MX,30.4833,-115.95,64.99,77,95,4.97,overcast clouds
724,norden,DE,53.6,7.2,40.96,67,26,22.77,scattered clouds
725,bethel,US,41.3712,-73.414,46.71,85,100,0.0,overcast clouds
726,saint-pierre,RE,-21.3393,55.4781,76.68,79,75,9.22,broken clouds
727,meschede,DE,51.35,8.2833,35.62,95,92,7.49,light snow
728,porto novo,BJ,6.4965,2.6036,80.06,84,100,4.79,overcast clouds
729,portland,US,45.5234,-122.6762,49.6,58,100,12.66,overcast clouds
730,kallidaikurichchi,IN,8.6667,77.4833,81.14,67,100,0.87,overcast clouds
731,luderitz,NA,-26.6481,15.1594,63.25,65,1,4.65,clear sky
732,guiratinga,BR,-16.3494,-53.7583,73.22,84,49,3.94,scattered clouds
733,urusha,RU,54.05,122.9,31.51,60,100,10.04,overcast clouds
734,khatanga,RU,71.9667,102.5,7.93,93,99,1.32,overcast clouds
735,darnah,LY,32.767,22.6367,60.3,56,0,8.5,clear sky
736,vardo,NO,70.3705,31.1107,34.79,79,24,19.55,few clouds
737,am timan,TD,11.0297,20.2827,87.35,33,61,5.86,broken clouds
738,souillac,MU,-20.5167,57.5167,77.38,88,75,11.5,light intensity shower rain
739,ordubad,AZ,38.9059,46.0234,49.87,76,5,2.04,clear sky
740,hinckley,GB,52.5389,-1.3761,35.98,84,64,2.53,broken clouds
741,fort nelson,CA,58.8053,-122.7002,40.59,28,20,10.36,few clouds
742,srednekolymsk,RU,67.45,153.6833,2.59,80,100,7.11,overcast clouds
743,cayenne,GF,4.9333,-52.3333,82.09,1,75,8.99,broken clouds
744,aksarka,RU,66.5606,67.7975,22.01,96,100,7.49,light snow
745,jerez,GT,14.1,-89.75,69.6,70,100,7.7,overcast clouds
746,batemans bay,AU,-35.7167,150.1833,70.11,61,8,6.53,clear sky
747,lethem,GY,3.3803,-59.7968,77.58,78,64,9.78,broken clouds
748,lucapa,AO,-8.4192,20.7447,65.7,91,100,1.01,overcast clouds
749,jumla,NP,29.2747,82.1838,58.55,46,1,2.68,clear sky
750,armilla,ES,37.141,-3.6185,54.14,84,0,0.0,clear sky
751,gao,ML,16.6362,1.637,83.37,11,2,11.81,clear sky
752,westport,US,41.1415,-73.3579,49.98,85,100,4.61,overcast clouds
753,ilheus,BR,-14.7889,-39.0494,74.75,82,5,3.31,clear sky
754,lumut,MY,4.2323,100.6298,84.22,79,20,3.44,few clouds
755,nileshwar,IN,12.25,75.1,82.26,81,87,3.13,overcast clouds
756,katherine,AU,-14.4667,132.2667,93.52,26,94,4.61,overcast clouds
757,kapit,MY,2.0167,112.9333,82.35,74,100,1.9,overcast clouds
758,aklavik,CA,68.2191,-135.0107,7.9,88,100,10.09,overcast clouds
759,hobyo,SO,5.3505,48.5268,80.91,76,40,8.39,scattered clouds
760,maneadero,MX,31.7167,-116.5667,62.1,83,82,4.0,broken clouds
761,back mountain,US,41.3359,-75.9963,41.81,94,100,4.54,light rain
762,humaita,BR,-7.5061,-63.0208,74.35,98,94,2.15,heavy intensity rain
763,walvis bay,NA,-22.9575,14.5053,50.95,100,0,4.61,clear sky
764,najran,SA,17.4924,44.1277,65.05,20,1,3.4,clear sky
765,port-cartier,CA,50.0334,-66.8654,32.22,99,100,1.9,overcast clouds
766,severomuysk,RU,56.1481,113.4267,17.47,84,100,3.02,overcast clouds
767,narsaq,GL,60.9167,-46.05,30.42,61,100,4.79,overcast clouds
768,flinders,AU,-34.5833,150.8552,77.18,74,23,5.01,few clouds
769,hurricane,US,37.1753,-113.2899,81.07,10,62,17.43,broken clouds
770,mackenzie,CA,55.2999,-123.1698,32.22,93,100,2.3,overcast clouds
771,latung,PH,5.5,120.8833,82.17,76,87,9.06,overcast clouds
772,goderich,CA,43.7501,-81.7165,33.91,80,100,1.14,overcast clouds
773,nakamura,JP,32.9833,132.9333,72.36,48,61,4.88,broken clouds
774,novyy urgal,RU,51.0736,132.5642,32.95,97,100,4.61,overcast clouds
775,hofn,IS,64.2539,-15.2082,30.67,59,88,7.11,overcast clouds
776,ovalle,CL,-30.5983,-71.2003,64.22,56,0,2.59,clear sky
777,cidreira,BR,-30.1811,-50.2056,70.02,89,80,9.04,broken clouds
778,sargatskoye,RU,55.6101,73.4972,32.14,70,5,6.24,clear sky
779,rosarito,MX,32.3333,-117.0333,65.14,79,15,7.58,few clouds
780,salvador,SV,13.8333,-88.9167,79.2,59,71,5.41,broken clouds
781,yelizovo,RU,53.1873,158.3805,37.54,37,0,8.99,clear sky
782,shaoyang,CN,27.2315,111.4525,73.62,61,66,3.58,broken clouds
783,santa rosa,PH,14.3122,121.1114,85.1,56,85,7.99,overcast clouds
784,berdigestyakh,RU,62.0989,126.6992,25.97,77,73,9.24,broken clouds
785,opuwo,NA,-18.0607,13.84,67.96,44,0,3.44,clear sky
786,launceston,AU,-41.45,147.1667,73.04,69,75,18.41,broken clouds
787,ambanja,MG,-13.6833,48.45,72.81,90,31,3.69,scattered clouds
788,otaru,JP,43.1894,141.0022,60.58,65,96,3.8,overcast clouds
789,tuatapere,NZ,-46.1333,167.6833,62.64,54,7,5.23,clear sky
790,lubao,PH,14.9167,120.55,87.87,52,16,7.25,few clouds
791,naryan-mar,RU,67.6713,53.087,35.37,100,100,12.08,overcast clouds
792,bilibino,RU,68.0546,166.4372,-3.23,74,97,2.01,overcast clouds
793,coffs harbour,AU,-30.3,153.1333,78.13,69,1,11.5,clear sky
794,caxito,AO,-8.5785,13.6643,74.19,97,67,1.36,broken clouds
795,mosetse,BW,-20.75,26.65,61.81,78,96,15.08,overcast clouds
796,husavik,IS,66.0449,-17.3389,21.34,83,94,7.54,overcast clouds
797,leshukonskoye,RU,64.8989,45.7622,32.9,96,100,4.85,overcast clouds
798,lompoc,US,34.6391,-120.4579,66.13,69,0,28.99,haze
799,east hemet,US,33.74,-116.9389,80.47,56,0,7.0,clear sky
800,khanpur,PK,28.6453,70.6567,85.89,11,20,6.6,few clouds
801,ewo,CG,-0.8725,14.8206,73.65,90,100,3.29,overcast clouds
802,arlit,NE,18.7369,7.3853,83.52,7,0,5.1,clear sky
803,mecca,SA,21.4267,39.8261,80.29,31,0,5.14,clear sky
804,yeppoon,AU,-23.1333,150.7333,85.78,78,67,19.91,broken clouds
805,chifeng,CN,42.2683,118.9636,69.82,28,100,12.1,overcast clouds
806,bayji,IQ,34.9311,43.487,64.96,43,0,4.72,clear sky
807,villa del rosario,CO,7.8339,-72.4742,80.98,74,40,6.91,scattered clouds
808,praia,CV,14.9215,-23.5087,70.34,73,0,13.8,clear sky
809,mookane,BW,-23.688,26.6595,59.52,93,100,11.72,moderate rain
810,maniitsoq,GL,65.4167,-52.9,17.31,78,100,6.08,overcast clouds
811,kayerkan,RU,69.3497,87.7602,-4.49,83,94,5.14,overcast clouds
812,san rafael,AR,-34.6177,-68.3301,69.6,56,0,7.81,clear sky
813,batticaloa,LK,7.7102,81.6924,79.41,81,100,4.83,overcast clouds
814,saquena,PE,-4.6667,-73.5167,74.01,98,100,0.72,overcast clouds
815,zyryanka,RU,65.75,150.85,1.89,86,100,7.78,light snow
816,tommot,RU,58.9564,126.2925,27.45,82,8,1.81,clear sky
817,tanout,NE,14.9709,8.8879,80.42,8,1,8.25,clear sky
818,damietta,EG,31.4165,31.8133,61.65,78,52,7.92,broken clouds
819,sao miguel,BR,-5.4667,-35.3667,79.57,87,100,10.0,overcast clouds
820,beibei,CN,29.8256,106.4339,75.67,57,0,3.42,clear sky
821,vila,PT,42.0304,-8.1588,45.48,92,100,4.05,overcast clouds
822,hami,CN,42.8,93.45,60.4,19,100,9.84,overcast clouds
823,yarada,IN,17.65,83.2667,84.52,79,20,6.91,mist
824,tarakan,ID,3.3,117.6333,85.5,74,20,5.75,few clouds
825,gornopravdinsk,RU,60.05,69.9,19.62,93,100,3.71,overcast clouds
826,aasiaat,GL,68.7098,-52.8699,1.0,98,97,6.53,overcast clouds
827,srivardhan,IN,18.0333,73.0167,80.08,81,58,2.51,broken clouds
828,xinxiang,CN,35.3089,113.8672,81.07,33,0,6.89,clear sky
829,cherskiy,RU,68.75,161.3,0.91,86,100,4.52,overcast clouds
830,daru,PG,-9.0763,143.2092,79.2,85,100,6.76,overcast clouds
831,cabedelo,BR,-6.9811,-34.8339,79.47,84,79,9.6,broken clouds
832,meadow lake,US,34.8014,-106.5436,72.12,5,100,21.34,overcast clouds
833,salalah,OM,17.0151,54.0924,77.09,73,0,2.3,clear sky
834,ibra,OM,22.6906,58.5334,77.29,33,42,4.27,scattered clouds
835,sorland,NO,67.667,12.6934,39.49,83,100,16.35,overcast clouds
836,san lorenzo,PY,-25.3333,-57.5333,76.59,83,0,5.01,clear sky
837,fez,MA,34.0372,-4.9998,52.05,81,0,3.44,clear sky
838,magadan,RU,59.5667,150.8,25.54,79,85,2.08,overcast clouds
839,manggar,ID,-2.8833,108.2667,83.35,72,100,5.01,light rain
840,isangel,VU,-19.55,169.2667,84.69,70,7,12.48,clear sky
841,gympie,AU,-26.1898,152.665,76.17,67,75,8.16,broken clouds
842,cortez,US,37.3489,-108.5859,63.36,13,0,11.5,clear sky
843,meulaboh,ID,4.1363,96.1285,80.64,81,48,1.88,scattered clouds
844,necochea,AR,-38.5473,-58.7368,59.59,93,90,11.05,overcast clouds
845,banes,CU,20.9625,-75.7186,76.39,81,70,10.45,broken clouds
846,port lincoln,AU,-34.7333,135.8667,71.74,67,100,9.28,overcast clouds
847,maldonado,UY,-34.6667,-54.9167,65.59,85,93,7.65,overcast clouds
848,soubre,CI,5.7856,-6.6083,76.46,97,100,0.34,light rain
849,ambon,ID,-3.6954,128.1814,87.94,70,40,3.44,scattered clouds
850,turayf,SA,31.6725,38.6637,55.65,41,0,6.91,clear sky
851,carutapera,BR,-1.195,-46.02,74.93,96,100,4.56,overcast clouds
852,comodoro rivadavia,AR,-45.8667,-67.5,55.26,100,100,5.75,fog
853,svetlyy,RU,54.675,20.1347,39.25,80,28,20.42,scattered clouds
854,cheyenne,US,41.14,-104.8203,50.14,57,40,28.01,scattered clouds
855,tecpan,GT,14.7623,-90.9947,53.89,81,100,6.78,overcast clouds
856,port augusta,AU,-32.5,137.7667,86.13,22,0,10.16,clear sky
857,amga,RU,60.8953,131.9608,29.44,79,100,9.17,overcast clouds
858,vao,NC,-22.6667,167.4833,77.76,81,58,23.15,broken clouds
859,esso,RU,55.9333,158.7,22.91,64,48,3.02,scattered clouds
860,ayan,RU,56.45,138.1667,30.38,66,0,4.29,clear sky
861,beihai,CN,21.4833,109.1,73.94,67,0,8.01,clear sky
862,pihani,IN,27.6333,80.2,83.16,12,0,9.15,clear sky
863,sande,DE,53.5049,8.0142,41.02,77,50,13.98,scattered clouds
864,zhezkazgan,KZ,47.8043,67.7144,44.58,76,40,13.42,scattered clouds
865,grand gaube,MU,-20.0064,57.6608,77.4,86,7,1.01,clear sky
866,grand-santi,GF,4.25,-54.3833,72.55,99,69,1.9,broken clouds
867,sobolevo,RU,54.4299,31.8996,35.71,96,100,5.86,overcast clouds
868,namibe,AO,-15.1961,12.1522,70.86,78,7,3.18,clear sky
869,miles city,US,46.4083,-105.8406,45.57,42,0,12.66,clear sky
870,agbor,NG,6.2518,6.1934,77.31,84,100,0.85,overcast clouds
871,ransang,PH,8.9603,117.5828,79.23,84,100,1.03,overcast clouds
872,jardin,CO,5.599,-75.8198,59.92,98,97,2.62,overcast clouds
873,komsomolskiy,UZ,40.4272,71.7189,65.12,59,92,0.0,overcast clouds
874,pilar,BR,-9.5972,-35.9567,73.33,85,59,1.48,broken clouds
875,adre,TD,13.4667,22.2,79.97,12,90,6.35,overcast clouds
876,atar,MR,20.5169,-13.0499,74.19,9,0,6.06,clear sky
877,alihe,CN,50.5667,123.7167,45.52,62,100,12.84,overcast clouds
878,iqaluit,CA,63.7506,-68.5145,20.93,85,100,9.22,light snow
879,sinnamary,GF,5.3833,-52.95,77.58,88,100,12.17,overcast clouds
880,alta floresta,BR,-9.8756,-56.0861,73.36,89,79,3.51,broken clouds
881,polis,CY,35.0367,32.4264,60.62,75,85,6.11,overcast clouds
882,seoul,KR,37.5683,126.9778,72.79,30,0,11.5,clear sky
883,raga,SS,8.4596,25.678,77.94,53,49,3.74,scattered clouds
884,francofonte,IT,37.2265,14.8806,57.69,100,20,10.36,few clouds
885,caledon,ZA,-34.23,19.4265,58.06,95,46,7.99,scattered clouds
886,bilma,NE,18.6853,12.9164,82.67,7,0,2.44,clear sky
887,whitianga,NZ,-36.8333,175.7,68.79,58,33,7.47,scattered clouds
888,tabou,CI,4.423,-7.3528,80.02,86,88,3.13,light rain
889,kavieng,PG,-2.5744,150.7967,84.63,68,100,7.96,overcast clouds
890,ordu,TR,40.9086,37.6845,34.3,58,100,8.61,overcast clouds
891,rapid city,US,44.0805,-103.231,47.28,40,100,11.5,overcast clouds
892,dafeng,CN,23.4517,108.5881,77.67,47,11,4.52,few clouds
893,svencionys,LT,55.15,26.1667,30.96,84,1,7.47,clear sky
894,bambanglipuro,ID,-7.95,110.2833,81.9,74,97,1.59,overcast clouds
895,dudinka,RU,69.4058,86.1778,-3.39,98,99,4.59,overcast clouds
896,vila franca do campo,PT,37.7167,-25.4333,57.61,75,67,22.91,broken clouds
897,kuldiga,LV,56.974,21.9572,38.89,88,49,8.68,scattered clouds
898,dunedin,NZ,-45.8742,170.5036,61.81,54,8,3.62,clear sky
899,lahaina,US,20.8783,-156.6825,79.84,92,89,10.45,overcast clouds
900,de aar,ZA,-30.6497,24.0123,53.56,88,100,18.03,light rain
901,dahra,DZ,36.2546,0.8519,51.19,64,42,3.33,scattered clouds
902,mount gambier,AU,-37.8333,140.7667,80.51,32,40,17.27,scattered clouds
903,sola,VU,-13.8833,167.55,82.49,69,18,14.52,few clouds
904,emba,KZ,48.8264,58.1442,45.7,79,62,6.31,broken clouds
905,erzin,TR,36.9559,36.2,56.97,90,99,1.88,overcast clouds
906,tiarei,PF,-17.5333,-149.3333,86.02,75,31,15.26,scattered clouds
907,muana,BR,-1.5283,-49.2167,74.44,96,100,5.93,moderate rain
908,rudbar,AF,30.15,62.6,79.57,9,63,9.53,broken clouds
909,pauini,BR,-7.7136,-66.9764,73.94,95,93,1.97,overcast clouds
910,timmins,CA,48.4669,-81.3331,26.42,86,100,5.75,overcast clouds
911,nizwa,OM,22.9333,57.5333,78.21,16,0,2.77,clear sky
912,ancud,CL,-41.8697,-73.8203,46.22,82,14,2.24,few clouds
913,parchim,DE,53.4263,11.8488,37.71,89,25,14.9,scattered clouds
914,auki,SB,-8.7676,160.7034,85.12,66,68,3.67,broken clouds
915,grindavik,IS,63.8424,-22.4338,37.87,87,100,27.63,overcast clouds
916,nouadhibou,MR,20.931,-17.0347,62.58,88,0,20.71,clear sky
917,coihaique,CL,-45.5752,-72.0662,51.75,66,100,3.44,overcast clouds
918,elko,US,41.0002,-115.5012,44.62,23,90,10.0,overcast clouds
919,bacolod,PH,10.6667,122.95,75.33,89,100,3.15,moderate rain
920,amazar,RU,53.858,120.875,33.26,53,100,10.98,overcast clouds
921,broken hill,AU,-31.95,141.4333,82.11,28,0,4.61,clear sky
922,leh,IN,34.1667,77.5833,29.57,70,17,4.68,few clouds
923,chiredzi,ZW,-21.05,31.6667,64.81,87,100,7.27,light rain
924,castanos,MX,26.7833,-101.4167,74.39,40,13,14.16,few clouds
925,mackay,AU,-21.15,149.2,81.68,83,100,18.41,overcast clouds
926,zhigansk,RU,66.7697,123.3711,10.98,82,16,16.26,few clouds
927,dicabisagan,PH,17.0818,122.4157,80.22,85,67,4.63,broken clouds
928,dzhebariki-khaya,RU,62.2167,135.8,28.13,91,100,3.13,light snow
929,lagoa,PT,39.05,-27.9833,55.15,70,81,38.23,broken clouds
930,sur,OM,22.5667,59.5289,85.6,42,100,5.01,overcast clouds
931,hagere hiywet,ET,8.9833,37.85,63.05,58,89,2.48,overcast clouds
932,papara,BR,-3.9839,-38.7273,79.2,96,99,1.3,overcast clouds
933,cap malheureux,MU,-19.9842,57.6142,75.47,86,11,1.01,few clouds
934,honolulu,US,21.3069,-157.8583,84.02,73,40,17.27,scattered clouds
935,jinchang,CN,38.4953,102.1739,66.25,13,0,8.25,clear sky
936,thinadhoo,MV,0.5333,72.9333,83.86,66,84,9.66,broken clouds
937,shetpe,KZ,44.1667,52.1167,51.35,67,34,3.76,scattered clouds
938,vung tau,VN,10.346,107.0843,81.19,71,90,5.53,overcast clouds
939,baoro,CF,5.6667,15.9667,68.5,86,100,3.38,light rain
940,tam ky,VN,15.5667,108.4833,77.14,70,12,1.95,few clouds
941,sao joao da barra,BR,-21.6403,-41.0511,76.86,89,100,6.53,heavy intensity rain
942,cockburn town,TC,21.4612,-71.1419,78.69,77,97,14.07,overcast clouds
943,college,US,64.8569,-147.8028,20.28,40,40,4.61,scattered clouds
944,broome,US,42.2506,-75.833,43.02,78,20,6.91,few clouds
945,bafoulabe,ML,13.8065,-10.8321,90.72,12,97,3.71,overcast clouds
946,japura,ID,-0.3167,102.35,82.76,76,74,1.68,broken clouds
947,penzance,GB,50.1186,-5.5371,41.68,65,71,14.74,broken clouds
948,cariati,IT,39.4922,16.9594,56.7,69,24,5.26,few clouds
949,tanete,ID,-3.9443,119.7848,84.97,67,95,3.83,overcast clouds
950,orlik,RU,52.5178,99.825,18.48,74,100,1.79,overcast clouds
951,dharmadam,IN,11.7833,75.4333,80.06,84,89,3.02,overcast clouds
952,nishihara,JP,26.1842,127.7558,78.46,88,100,12.66,overcast clouds
953,taozhuang,CN,34.85,117.3333,78.57,41,0,8.84,clear sky
954,belogorsk,RU,50.9158,128.4611,38.5,83,100,16.49,overcast clouds
955,ola,RU,59.5833,151.2833,26.15,74,69,3.36,broken clouds
956,ust-kuyga,RU,70.0167,135.6,4.44,65,17,4.99,few clouds
957,ahipara,NZ,-35.1667,173.1667,68.97,66,87,5.82,overcast clouds
958,beruwala,LK,6.4788,79.9828,79.95,79,86,2.44,overcast clouds
959,trud,BG,42.2333,24.7333,53.58,81,40,4.61,scattered clouds
960,namatanai,PG,-3.6667,152.4333,85.53,64,80,6.33,broken clouds
961,lasa,IT,46.6166,10.7002,36.48,92,45,6.22,scattered clouds
962,takahata,JP,38.0025,140.1911,77.36,41,0,5.03,clear sky
963,karasjok,NO,69.4719,25.5112,31.14,89,100,20.07,light snow
964,coquimbo,CL,-29.9533,-71.3436,55.13,94,1,3.44,clear sky
965,traian,RO,46.6333,27.0333,42.67,87,75,12.66,broken clouds
966,bay roberts,CA,47.5999,-53.2648,37.06,92,100,5.01,overcast clouds
967,tiznit,MA,29.5833,-9.5,66.27,31,1,1.92,clear sky
968,la ciotat,FR,43.1748,5.6045,50.56,41,0,14.07,clear sky
969,kasangulu,CD,-4.5911,15.1708,74.34,97,100,2.86,moderate rain
970,beringovskiy,RU,63.05,179.3167,34.05,83,80,24.61,broken clouds
971,minot,US,48.2325,-101.2963,52.02,37,0,21.85,clear sky
972,katima mulilo,NA,-17.5,24.2667,62.74,89,100,4.88,overcast clouds
973,praya,CV,14.9215,-23.5087,70.34,73,0,13.8,clear sky
974,luau,AO,-10.7073,22.2247,63.52,99,100,3.13,moderate rain
975,puerto baquerizo moreno,EC,-0.9,-89.6,78.28,86,79,8.72,broken clouds
976,kabompo,ZM,-13.5927,24.2008,62.06,99,100,3.83,moderate rain
977,kaeo,NZ,-35.1,173.7833,70.32,73,92,9.69,overcast clouds
978,saint george,US,37.1041,-113.5841,82.99,6,0,16.11,clear sky
979,aguimes,ES,27.9054,-15.4461,58.66,72,20,8.05,few clouds
980,nelson bay,AU,-32.7167,152.15,75.25,72,24,5.91,few clouds
981,salaga,GH,8.5508,-0.5188,82.27,67,100,9.37,overcast clouds
982,acurenam,GQ,1.0322,10.6488,66.7,92,100,2.1,overcast clouds
983,chokurdakh,RU,70.6333,147.9167,-4.25,93,98,4.61,overcast clouds
984,vitim,RU,59.4511,112.5578,29.21,77,16,4.88,few clouds
985,show low,US,34.2542,-110.0298,61.09,15,0,10.36,clear sky
986,sarankhola,BD,22.3082,89.7897,86.18,63,2,11.39,clear sky
987,naze,JP,28.3667,129.4833,70.72,86,89,11.16,overcast clouds
988,tungor,RU,53.3808,142.9564,27.25,75,55,11.3,broken clouds
989,nizhniy kuranakh,RU,58.8353,125.4869,27.18,81,22,4.54,few clouds
990,lavrentiya,RU,65.5833,-171.0,28.47,94,98,7.85,overcast clouds
991,aginskoye,RU,51.1,114.53,32.76,94,100,12.03,light snow
992,ulaanbaatar,MN,47.9077,106.8832,30.33,59,40,2.24,scattered clouds
993,eskil,TR,38.4017,33.4131,55.47,51,100,5.75,overcast clouds
994,verkhnevilyuysk,RU,63.4453,120.3167,25.74,86,100,4.52,overcast clouds
995,superior,US,46.7208,-92.1041,46.87,43,75,4.61,broken clouds
996,hervey bay,AU,-25.2986,152.8535,81.01,71,84,8.01,broken clouds
997,xiongzhou,CN,25.1167,114.3,79.93,41,8,4.12,clear sky
998,guasdualito,VE,7.2424,-70.7324,82.4,65,100,5.75,overcast clouds
999,winslow,US,35.0242,-110.6974,68.18,13,0,16.11,clear sky
1000,foam lake,CA,51.65,-103.5343,39.22,85,100,6.87,overcast clouds
1001,kerrville,US,30.0474,-99.1403,75.94,30,0,10.36,clear sky
1002,tucuman,AR,-26.8241,-65.2226,69.8,88,100,1.14,overcast clouds
1003,clyde river,CA,70.4692,-68.5914,-0.17,92,100,4.61,light snow
1004,pangody,RU,65.85,74.4859,8.64,94,97,7.4,overcast clouds
1005,urbano santos,BR,-3.2078,-43.4036,73.22,98,100,3.0,heavy intensity rain
1006,nome,US,64.5011,-165.4064,32.16,93,100,9.22,light snow
1007,viru,PE,-8.4167,-78.75,71.74,76,97,3.83,overcast clouds
1008,shimoda,JP,34.6667,138.95,74.1,63,0,4.68,clear sky
1009,ati,TD,13.2154,18.3353,82.71,15,46,5.93,scattered clouds
1010,valdivia,CL,-39.8142,-73.2459,39.29,99,100,1.43,overcast clouds
1011,phalodi,IN,27.1333,72.3667,80.98,33,29,10.85,scattered clouds
1012,san jeronimo,PE,-11.9472,-75.2829,50.74,91,100,2.8,light rain
1013,kolobrzeg,PL,54.1757,15.5834,39.96,75,93,25.43,overcast clouds
1014,port blair,IN,11.6667,92.75,84.24,79,20,1.14,mist
1015,rio gallegos,AR,-51.6226,-69.2181,48.25,76,75,9.22,broken clouds
1016,taltal,CL,-25.4,-70.4833,62.91,79,5,5.55,clear sky
1017,pareora,NZ,-44.4871,171.2132,64.18,67,67,8.7,broken clouds
1018,camacha,PT,33.0833,-16.3333,58.42,72,20,11.5,few clouds
1019,breznik,BG,42.7414,22.8981,46.85,85,100,5.08,overcast clouds
1020,mosoaia,RO,44.8167,24.7667,52.2,75,100,4.85,overcast clouds
1021,kurtamysh,RU,54.9103,64.4319,38.79,78,100,7.83,overcast clouds
1022,malakal,SS,9.5334,31.6605,87.04,39,44,3.49,scattered clouds
1023,akdagmadeni,TR,39.6603,35.8836,49.62,46,100,4.74,overcast clouds
1024,aykhal,RU,66.0,111.5,22.39,78,40,3.36,scattered clouds
1025,abbeville,FR,50.1,1.8333,38.5,84,50,7.18,scattered clouds
1026,kungurtug,RU,50.5994,97.5228,25.12,67,100,9.78,overcast clouds
1027,planaltina,BR,-15.4528,-47.6142,67.33,79,45,2.21,scattered clouds
1028,abay,KZ,49.6311,72.8539,35.98,65,100,9.6,overcast clouds
1029,seymchan,RU,62.8833,152.4333,3.56,71,100,8.99,overcast clouds
1030,hays,US,30.0502,-98.0336,73.6,39,4,8.01,clear sky
1031,dalbandin,PK,28.8947,64.4101,76.8,9,68,1.3,broken clouds
1032,muros,ES,42.7762,-9.0603,55.09,92,100,9.24,overcast clouds
1033,vanavara,RU,60.34,102.2797,27.46,81,85,5.95,overcast clouds
1034,xinmin,CN,41.9908,122.8253,71.67,43,47,25.97,scattered clouds
1035,kyshtovka,RU,56.555,76.6271,24.84,88,18,4.23,few clouds
1036,marystown,CA,47.1666,-55.1483,37.85,100,100,1.01,overcast clouds
1037,faanui,PF,-16.4833,-151.75,82.29,73,19,14.81,light rain
1038,mogocha,RU,53.7333,119.7667,31.42,60,100,11.1,overcast clouds
1039,slave lake,CA,55.2834,-114.769,33.78,69,100,13.8,overcast clouds
1040,bonfim,BR,3.0833,-59.95,78.6,77,65,5.46,broken clouds
1041,kyaikto,MM,17.3,97.0167,85.68,57,1,5.57,clear sky
1042,jardim,BR,-21.4803,-56.1381,75.22,79,30,3.38,scattered clouds
1043,vilyuysk,RU,63.7553,121.6247,23.43,88,100,5.93,overcast clouds
1044,iroquois falls,CA,48.7669,-80.6831,24.39,98,97,4.45,overcast clouds
1045,santana,BR,-0.0583,-51.1817,78.98,94,75,4.61,broken clouds
1046,perth,AU,-31.9333,115.8333,70.02,55,20,12.66,few clouds
1047,los llanos de aridane,ES,28.6585,-17.9182,56.95,72,100,4.61,overcast clouds
1048,andenes,NO,69.3143,16.1194,35.58,87,100,5.75,drizzle
1049,okhotsk,RU,59.3833,143.3,25.59,85,100,5.95,overcast clouds
1050,matveyevka,RU,52.15,56.1833,44.15,87,100,16.44,overcast clouds
1051,rancho palos verdes,US,33.7445,-118.387,72.95,77,0,5.01,clear sky
1052,laguna,US,38.421,-121.4238,71.78,12,0,17.27,clear sky
1053,tadine,NC,-21.55,167.8833,82.26,69,75,6.89,broken clouds
1054,huejuquilla el alto,MX,22.6,-103.8667,64.4,44,0,9.82,clear sky
1055,franca,BR,-20.5386,-47.4008,66.04,90,100,2.66,overcast clouds
1056,honavar,IN,14.2833,74.45,82.06,78,100,1.25,overcast clouds
1057,pangoa,PE,-12.1167,-73.0,67.78,99,84,1.54,broken clouds
1058,plon,DE,54.1667,10.4167,37.29,91,17,4.0,few clouds
1059,garden city,US,42.3256,-83.331,40.14,72,100,10.36,overcast clouds
1060,moron,AR,-34.6534,-58.6198,68.97,94,0,6.24,clear sky
1061,yerbogachen,RU,61.2767,108.0108,26.8,81,13,9.35,few clouds
1062,sijunjung,ID,-0.6876,100.9537,81.82,69,61,1.5,broken clouds
1063,mikuni,JP,36.2171,136.1519,75.11,54,0,6.98,clear sky
1064,nizhneudinsk,RU,54.9076,99.0276,34.59,66,73,10.89,broken clouds
1065,southbridge,US,42.0751,-72.0334,44.92,89,5,1.01,clear sky
1066,roald,NO,62.5833,6.1333,41.76,87,75,21.85,broken clouds
1067,tabory,RU,58.5198,64.5495,30.02,92,98,5.99,overcast clouds
1068,medicine hat,CA,50.0501,-110.6683,43.23,53,100,5.75,overcast clouds
1069,adrar,MR,20.5022,-10.0711,74.98,8,0,9.33,clear sky
1070,pakxan,LA,18.3778,103.6601,85.01,38,39,0.63,scattered clouds
1071,hualmay,PE,-11.0964,-77.6139,68.92,85,98,6.38,overcast clouds
1072,uyuni,BO,-20.4597,-66.825,51.33,26,69,8.68,broken clouds
1073,bara,NG,10.3744,10.7288,77.04,59,81,11.65,broken clouds
1074,ulaangom,MN,49.9811,92.0667,33.69,37,95,6.73,overcast clouds
1075,tsumeb,NA,-19.2333,17.7167,66.79,68,42,4.34,scattered clouds
1076,camopi,GF,3.1655,-52.3158,72.54,100,100,1.45,overcast clouds
1077,shenjiamen,CN,29.9576,122.298,62.53,87,91,16.96,overcast clouds
1078,mori,JP,34.8333,137.9333,72.45,65,0,4.76,clear sky
1079,gebze,TR,40.8028,29.4307,58.15,67,0,8.05,clear sky
1080,umm lajj,SA,25.0213,37.2685,74.21,69,5,4.29,clear sky
1081,phan thiet,VN,10.9333,108.1,84.96,53,92,2.06,overcast clouds
1082,fare,PF,-16.7,-151.0167,82.18,73,10,14.52,light rain
1083,somerset,US,40.5668,-74.5496,50.22,83,100,4.61,moderate rain
1084,evensk,RU,61.95,159.2333,22.8,66,98,3.11,overcast clouds
1085,nabire,ID,-3.3667,135.4833,84.51,71,40,3.49,scattered clouds
1086,zalantun,CN,48.0,122.7167,60.24,36,5,23.31,clear sky
1087,pahrump,US,36.2083,-115.9839,82.49,6,0,3.0,clear sky
1088,gallup,US,35.5281,-108.7426,63.36,12,0,19.57,clear sky
1089,riverton,US,40.5219,-111.9391,49.24,18,40,11.01,scattered clouds
1090,ilukste,LV,55.9775,26.2966,34.21,75,3,10.51,clear sky
1091,sume,BR,-7.6717,-36.88,69.71,95,59,7.07,broken clouds
1092,paamiut,GL,61.994,-49.6678,24.62,73,99,6.91,overcast clouds
1093,tsimlyansk,RU,47.6461,42.1019,47.84,83,39,4.34,scattered clouds
1094,williams lake,CA,52.1415,-122.1445,39.06,49,40,2.3,scattered clouds
1095,tabas,IR,33.5959,56.9244,70.02,18,83,4.61,broken clouds
1096,sitio novo do tocantins,BR,-5.5183,-47.4611,73.13,97,100,3.04,moderate rain
1097,chimbote,PE,-9.0853,-78.5783,67.51,88,96,6.53,overcast clouds
1098,mananjary,MG,-21.2167,48.3333,74.39,84,96,2.8,light rain
1099,naukot,PK,24.8587,69.4024,83.16,54,83,13.67,broken clouds
1100,olutanga,PH,7.3106,122.8464,81.52,77,100,10.18,overcast clouds
1101,acapulco,MX,16.8634,-99.8901,78.62,83,40,4.61,scattered clouds
1102,onega,RU,63.9061,38.1404,34.72,90,100,11.61,overcast clouds
1103,bad tolz,DE,47.7611,11.5589,34.34,82,98,4.38,overcast clouds
1104,korop,UA,51.5664,32.9586,42.48,91,100,11.63,overcast clouds
1105,shingu,JP,33.7333,135.9833,70.18,48,11,5.06,few clouds
1106,tessalit,ML,20.1986,1.0114,74.59,7,52,10.25,broken clouds
1107,urumqi,CN,43.801,87.6005,49.15,17,0,8.95,clear sky
1108,nuuk,GL,64.1835,-51.7216,25.41,74,75,0.0,broken clouds
1109,antalaha,MG,-14.9003,50.2788,73.02,87,80,8.34,broken clouds
1110,tabuk,PH,17.4189,121.4443,83.88,70,45,4.27,scattered clouds
1111,biak,ID,-0.9131,122.8766,83.61,68,100,7.38,overcast clouds
1112,zheshart,RU,62.0731,49.5733,35.94,98,98,7.45,overcast clouds
1113,belaya gora,RU,68.5333,146.4167,2.77,84,100,5.99,overcast clouds
1114,xian,CN,34.2583,108.9286,77.81,25,0,1.21,clear sky
1115,mahbubnagar,IN,16.7333,77.9833,85.08,47,44,7.34,scattered clouds
1116,nantucket,US,41.2835,-70.0995,48.25,88,0,12.66,clear sky
1117,ahmadnagar,IN,19.0833,74.7333,84.72,26,29,12.01,scattered clouds
1118,liverpool,GB,53.4106,-2.9779,34.61,83,93,4.61,overcast clouds
1119,yankton,US,42.8711,-97.3973,55.65,24,0,13.8,clear sky
1120,noumea,NC,-22.2763,166.4572,85.98,99,92,11.23,overcast clouds
1121,katobu,ID,-4.9408,122.5276,89.01,52,89,3.04,overcast clouds
1122,antofagasta,CL,-23.65,-70.4,60.08,82,55,6.49,broken clouds
1123,kumluca,TR,36.3703,30.2869,59.07,79,0,1.81,clear sky
1124,dalvik,IS,65.9702,-18.5286,24.73,80,100,5.32,overcast clouds
1125,vaitape,PF,-16.5167,-151.75,82.29,72,16,13.53,light rain
1126,saint-augustin,CA,51.226,-58.6502,32.72,99,100,4.9,overcast clouds
1127,sisimiut,GL,66.9395,-53.6735,14.0,77,100,5.26,overcast clouds
1128,hokitika,NZ,-42.7167,170.9667,61.88,60,38,9.35,scattered clouds
1129,boksitogorsk,RU,59.474,33.8485,33.6,99,100,5.19,overcast clouds
1130,otjimbingwe,NA,-22.35,16.1333,65.12,27,0,3.33,clear sky
1131,oksfjord,NO,70.2396,22.3479,35.67,92,89,11.81,overcast clouds
1132,clarksville,US,36.5298,-87.3595,46.65,53,0,0.0,clear sky
1133,jinji,CN,23.2281,110.8261,82.27,42,4,1.9,clear sky
1134,khani,GE,41.9563,42.9566,45.97,66,1,9.28,clear sky
1135,te anau,NZ,-45.4167,167.7167,64.26,47,9,3.58,clear sky
1136,nador,MA,35.174,-2.9287,53.85,66,0,2.3,clear sky
1137,wairoa,NZ,-39.0333,177.3667,68.56,57,0,3.0,clear sky
1138,henderson,US,36.0397,-114.9819,88.72,11,0,12.66,clear sky
1139,tacuarembo,UY,-31.7333,-55.9833,61.63,90,0,6.11,clear sky
1140,yarkovo,RU,57.4028,67.0786,34.59,83,44,6.93,scattered clouds
1141,henties bay,NA,-22.116,14.2845,60.55,76,0,3.8,clear sky
1142,chipinge,ZW,-20.1883,32.6236,58.89,98,100,4.0,light rain
1143,policoro,IT,40.2115,16.6726,51.6,74,15,10.8,few clouds
1144,kiama,AU,-34.6833,150.8667,76.37,74,27,5.01,scattered clouds
1145,angoche,MZ,-16.2325,39.9086,74.23,86,24,6.53,few clouds
1146,hsinchu,TW,24.8036,120.9686,81.34,76,45,5.01,scattered clouds
1147,itarema,BR,-2.9248,-39.9167,75.81,89,89,6.6,overcast clouds
1148,cordoba,AR,-31.4135,-64.1811,68.85,83,75,9.22,broken clouds
1149,pedasi,PA,7.5333,-80.0333,78.06,84,100,15.46,overcast clouds
1150,basco,PH,20.4487,121.9702,78.66,83,34,18.12,scattered clouds
1151,brekstad,NO,63.687,9.6654,40.01,93,75,20.71,broken clouds
1152,shuyskoye,RU,59.3736,41.0305,38.44,97,100,11.1,overcast clouds
1153,poum,NC,-20.2333,164.0167,79.99,79,20,18.86,few clouds
1154,kut chap,TH,17.4257,102.5669,80.38,31,53,3.13,broken clouds
1155,port moresby,PG,-9.4431,147.1797,90.82,66,40,11.5,haze
1156,jalu,LY,29.0331,21.5482,68.74,24,90,5.91,overcast clouds
1157,nhulunbuy,AU,-12.2333,136.7667,92.01,49,15,12.66,few clouds
1158,changchun,CN,43.88,125.3228,71.56,36,99,27.34,overcast clouds
1159,fomboni,KM,-12.28,43.7425,82.92,73,17,11.16,light rain
1160,ankazobe,MG,-18.3167,47.1167,57.96,94,31,6.26,scattered clouds
1161,kurchum,KZ,48.5722,83.6542,40.6,51,2,10.76,clear sky
1162,lundazi,ZM,-12.2929,33.1782,62.96,92,81,7.2,broken clouds
1163,mukdahan,TH,16.5833,104.5,78.55,31,63,4.36,broken clouds
1164,kavarna,BG,43.4333,28.3333,51.35,89,16,3.89,few clouds
1165,macae,BR,-22.3708,-41.7869,78.55,94,75,5.75,thunderstorm with rain
1166,monte patria,CL,-30.6919,-70.9467,64.18,56,0,1.57,clear sky
1167,joshimath,IN,30.5667,79.5667,68.4,33,0,1.48,clear sky
1168,wajima,JP,37.4,136.9,75.88,31,0,17.27,clear sky
1169,matay,EG,28.419,30.7792,61.74,59,81,10.16,broken clouds
1170,san cristobal,VE,7.7669,-72.225,75.38,74,87,2.06,overcast clouds
1171,burla,IN,21.5,83.8667,90.66,31,100,6.89,overcast clouds
1172,lekoni,GA,-1.5843,14.2591,72.99,84,100,3.74,overcast clouds
1173,uray,RU,60.1247,64.7758,32.11,92,92,8.32,overcast clouds
1174,chulman,RU,56.8479,124.9104,21.43,81,87,3.36,overcast clouds
1175,sri aman,MY,1.2376,111.4621,82.45,83,20,3.44,few clouds
1176,la ronge,CA,55.1001,-105.2842,37.65,70,75,10.36,broken clouds
1177,maihar,IN,24.2667,80.75,93.92,13,0,11.77,clear sky
1178,ekibastuz,KZ,51.6667,75.3667,40.71,49,8,6.91,clear sky
1179,bassano,CA,50.7834,-112.4685,41.49,48,100,10.29,overcast clouds
1180,lotofaga,WS,-13.9764,-171.8578,83.14,73,29,9.8,scattered clouds
1181,lydenburg,ZA,-25.0978,30.4597,53.17,92,100,6.46,overcast clouds
1182,twin falls,US,42.3505,-114.6445,39.09,33,0,21.85,clear sky
1183,saryagash,KZ,41.4511,69.1701,62.56,50,100,6.51,overcast clouds
1184,nyimba,ZM,-14.5566,30.8149,66.43,87,81,5.28,broken clouds
1185,sayyan,YE,15.1718,44.3244,54.45,43,0,3.0,clear sky
1186,nicoya,CR,10.1483,-85.452,79.2,62,96,11.5,overcast clouds
1187,moerai,PF,-22.4333,-151.3333,81.84,75,37,12.3,scattered clouds
1188,ngunguru,NZ,-35.6167,174.5,67.42,60,23,9.19,few clouds
1189,dubrovnik,HR,42.6481,18.0922,56.84,76,40,6.91,scattered clouds
1190,saint simons,US,31.1352,-81.3901,48.24,67,0,0.0,clear sky
1191,charyshskoye,RU,51.3978,83.5598,33.76,72,6,2.77,clear sky
1192,lashio,MM,22.9333,97.75,84.07,33,5,3.4,clear sky
1193,port macquarie,AU,-31.4333,152.9167,76.89,67,0,7.36,clear sky
1194,todos santos,MX,23.45,-110.2167,65.66,80,20,3.11,few clouds
1195,pallasovka,RU,50.05,46.8833,47.82,93,62,3.15,broken clouds
1196,barra do garcas,BR,-15.89,-52.2567,73.74,85,52,2.33,broken clouds
1197,usvyaty,RU,55.7456,30.7533,31.57,85,96,5.35,overcast clouds
1198,port shepstone,ZA,-30.7414,30.455,65.43,94,100,9.46,moderate rain
1199,hirara,JP,24.8,125.2833,78.66,78,75,12.66,broken clouds
1200,bubaque,GW,11.2833,-15.8333,76.46,70,6,13.47,clear sky
1201,pajapan,MX,18.25,-94.7,68.9,73,47,6.51,scattered clouds
1202,havre-saint-pierre,CA,50.2334,-63.5986,32.36,100,100,6.91,mist
1203,palmer,US,42.1584,-72.3287,43.5,79,20,4.61,few clouds
1204,pierre,US,44.3683,-100.351,58.12,36,0,16.11,clear sky
1205,qasigiannguit,GL,68.8193,-51.1922,7.05,89,89,6.02,overcast clouds
1206,san rafael del sur,NI,11.8485,-86.4384,85.17,49,49,18.03,scattered clouds
1207,ingham,US,42.6,-84.3833,37.35,71,100,8.05,overcast clouds
1208,dormidontovka,RU,47.7702,134.9076,48.85,56,99,10.98,overcast clouds
1209,filadelfia,US,39.9523,-75.1638,50.7,65,100,8.05,overcast clouds
